Key	S_bandwidth	S_DOS	S_total
mp-cphvh	0.669368960122645	0.7465932922694061	0.9656035346242208
mp-clexy	0.759013504686565	0.703644034829441	0.9748287883040452
mp-ctjlx	0.942615655666228	0.7966139996434071	0.9969378049783544
mp-cqd	0.6747766877103031	0.8819233332513241	0.9857534997137352
mp-bftgj	0.968640994745946	0.917234411853419	0.9995101743368886
mp-bqxkm	0.647020162616151	0.8069353225750681	0.9719703212731312
mp-bmkxz	0.855031245528961	0.8492902976334981	0.9960185392976652
mp-pmw	0.739039396794094	0.9378158027145	0.9944584717674244
mp-bqdh	0.800628661885863	0.8737953951525931	0.9947869092792468
mp-gjk	0.6085605721648251	0.8314557835678861	0.9676077684959512
mp-crbnm	0.8047959463706431	0.7428790459951701	0.9860691702992525
mp-bfqwv	0.8294760311668571	0.681214698320437	0.981110384228828
mp-clhjk	0.8802029828000151	0.814139302054222	0.995610598097044
mp-cnhxk	0.7964284100805291	0.8798072654748311	0.9948460097826928
mp-bjpmx	0.777131739368347	0.841380647678544	0.9918263387270176
mp-cljid	0.83222405618391	0.825659247189059	0.9940945071802446
mp-cpmmb	0.9554859200764372	0.943231469839452	0.999623760604868
mp-bcuap	0.979111396014946	0.674612661423407	0.9924044269462182
mp-birr	0.7549712517076771	0.613249077073412	0.9522129860440364
mp-qnr	0.6146851370799711	0.8491491710730831	0.9719986580019292
mp-bpxq	0.96697759828755	0.690631993158627	0.9929160154529552
mp-bphxp	0.7417939742875801	0.8037214453283611	0.985848996135249
mp-bpieg	0.8634072327434511	0.837334957403395	0.9958851320753088
mp-bkoup	0.9673508318659392	0.881020641330699	0.9991065639805214
mp-clext	0.8644843137107051	0.826103649789763	0.995497826853608
mp-bevqv	0.88054282447119	0.760502054957911	0.9929973328941182
mp-knz	0.6314314116494051	0.7825388729571641	0.963859579916401
mp-bbua	0.823927017282937	0.7474485013843961	0.9882436529388396
mp-clexk	0.830655932661826	0.7673341362650791	0.9904224294666272
mp-bfvt	0.820724815784578	0.8561543971159831	0.9949431986650664
mp-cljtz	0.8456934844776041	0.83247205300518	0.99501069801024
mp-bosv	0.68940507443801	0.8285010395611151	0.982149568935537
mp-bfrzd	0.7500000000000001	0.79157346066441	0.9855082495823536
mp-jlt	0.6075381185085581	0.7992336264707731	0.9610067170236036
mp-bfste	0.9492438932495452	0.833634440709703	0.9980438844031604
mp-clfgx	0.897948173340507	0.789499555226704	0.9952587638700936
mp-daygu	0.911766298814212	0.855055115178297	0.9977594889575097
mp-cqqlo	0.693757793226055	0.933719955721324	0.9913777103251624
mp-bghrx	0.6243449435824271	0.8151674942171231	0.9684321393236844
mp-bqsf	0.9048160389730572	0.6842397859514431	0.9886480524380208
mp-cpmmc	0.799791234222823	0.940287273005084	0.9969740622985344
mp-biye	0.709567591390306	0.7456014934132721	0.973641069037263
mp-bfspu	0.952190340694566	0.713288388583265	0.993651628856562
mp-cqrnl	0.950840822543023	0.623877343934616	0.9855742623142976
mp-bgkmw	0.55798867240448	0.845956958310736	0.9561243402486008
mp-mxj	0.6742860236609071	0.8541455339656121	0.982942858174018
mp-beds	0.9865492554910632	0.8178171909627221	0.9983767620084733
mp-brtp	0.583900593860852	0.892109825089563	0.9718109394725428
mp-bsekm	0.593176281613449	0.8148836701699441	0.9602670799380032
mp-cpsxn	0.9108732043147952	0.5792808326687251	0.9735242629712828
mp-bgkik	0.992554663077386	0.7818059899506311	0.9976809428221298
mp-bkjuh	0.9026539428555612	0.8237121250047851	0.996681142302943
mp-bqao	0.9246702001316572	0.7919764670224071	0.9962727995429252
mp-clfeo	0.898897219769285	0.8175918244590811	0.9963677350102128
mp-cpjga	0.51465866503611	0.969852711198598	0.9658863071581826
mp-biht	0.8072803024880351	0.949485386916348	0.997413975144134
mp-bmmiv	0.890869099931709	0.8111160816453671	0.995872776746145
mp-cktoa	0.882573097937388	0.795891706354354	0.9949350812681904
mp-bqdd	0.753618783365095	0.924596105767006	0.9946539408347502
mp-cruhw	0.74453900616898	0.895826629103818	0.9928183155743248
mp-z	0.8395925714168371	0.9545251833695	0.9982629330090518
mp-cesya	0.782771451794511	0.66079116161201	0.9706764584421582
mp-ckycd	0.8740148994516911	0.633401567277024	0.979062138578928
mp-clgyl	0.8808822488305	0.7173562715992511	0.9899294823645196
mp-btyg	0.8513249848994241	0.8032541521195391	0.993899880334594
mp-vrn	0.9617391404288412	0.70788032167183	0.9937564209910278
mp-cjjft	0.7862160627972951	0.95064391635998	0.9968241217010068
mp-mrg	0.658983316916207	0.958784581120306	0.989979571592506
mp-bbzk	0.6908578691641091	0.7326996232743741	0.9675419467342238
mp-cgexh	0.8509522331226751	0.7332579012638091	0.9891244001377614
mp-bilao	0.7385793801298041	0.901754142259059	0.9927535175058853
mp-clgxh	0.7486384190149731	0.8335975099577351	0.9891272213338792
mp-cpbli	0.7862160627972951	0.7224274726137061	0.9815881679696404
mp-cramz	0.663938758987856	0.794484855111934	0.9732967662659218
mp-rzd	0.6525152594043381	0.7569074444803371	0.963750857738074
mp-rzr	0.9020322219805672	0.5182994841396871	0.9545095309835372
mp-rzs	0.841126804554698	0.7476546564324751	0.989615363391924
mp-rzt	0.622822885596212	0.7878891237672341	0.9627459090560598
mp-bjmi	0.8223287443137951	0.8971668867194661	0.996473393048711
mp-bicp	0.906651955377794	0.68479017203471	0.9888362835939478
mp-bgijg	0.7797411290510861	0.9543232789993832	0.996712873059168
mp-bqnz	0.8056254069098451	0.924409778871562	0.9967265877965182
mp-bpuf	0.8835825759076491	0.5663440638868701	0.966053561963862
mp-cjjww	0.669368960122641	0.968165276780424	0.991426512658264
mp-cehwh	0.9051231368282172	0.8695261063776251	0.9979402692209351
mp-bizc	0.9993147673772872	0.8259065375388631	0.9987133799901012
mp-bfomr	0.912063094311008	0.864323544470448	0.9979709336770098
mp-bchp	0.7449955758221171	0.7514402269693251	0.98013443320575
mp-cpcki	0.6884355052060811	0.7446986347721181	0.9694013283029148
mp-clgda	0.921320206080216	0.7756700176419921	0.9955309945011124
mp-mgw	0.776695774621671	0.8092914169006931	0.989577719847754
mp-cpkwe	0.9677220154149332	0.817372575292565	0.9980393134554092
mp-bmmts	0.896995199323917	0.7465629487468861	0.9930041079883364
mp-kur	0.872621645273524	0.8464263269158671	0.996502127217596
mp-bibj	0.6329463170417581	0.9238316388461392	0.984355042618516
mp-bkrih	0.791770605678059	0.729172366409726	0.98312105021198
mp-jgn	0.7758229353142151	0.8071616191760991	0.989340872599636
mp-dcthq	0.984550945644864	0.6354411971023991	0.9893968218708548
mp-cbqs	0.643513079612902	0.8269713625834111	0.9744503681350868
mp-cpquj	0.7028898788330991	0.7721647262137751	0.9767575727668124
mp-mei	0.592661803754823	0.889639795993272	0.9733872015780166
mp-cprlc	0.86484254182083	0.8898157815706401	0.99749207380203
mp-bfgh	0.8199207394755871	0.9867547285034872	0.9984203724547922
mp-bodxk	0.905429790416186	0.514075378445763	0.9536804968494648
mp-biic	0.584932758278597	0.9605707230330012	0.9807231623108495
mp-cqqbk	0.9433441278502792	0.8746160328864641	0.9987021574320718
mp-bfpzx	0.953961919811414	0.5881757897837191	0.980574878698844
mp-criir	0.567857786217152	0.857315562453522	0.9615822304752254
mp-crmqk	0.72746165524556	0.696956987832378	0.9677796278889296
mp-clfyq	0.88054282447119	0.8501473464296601	0.9968524067702051
mp-blqwp	0.6850355315960991	0.686281853436269	0.9550889674450884
mp-bqxvb	0.668876223327162	0.699482825651631	0.9541771745720968
mp-cqrip	0.692308780200092	0.7908022627663951	0.9777572165787464
mp-bgjky	0.6329463170417581	0.911694596330017	0.983182470740769
mp-cpkvd	0.590087901523894	0.886821438776849	0.9724079004420072
mp-buxj	0.8043807145043601	0.701294189119512	0.980925507749463
mp-bmmoe	0.9309031361273772	0.7540631069831061	0.99492511418386
mp-bfrcr	0.830655932661826	0.913673735391336	0.9971862244511768
mp-cpdss	0.959910748660868	0.762505351300499	0.9962682095121156
mp-lbi	0.9950853331367352	0.636582320527958	0.9901666756564618
mp-bche	0.7307194799595951	0.754261539977204	0.9784803680391088
mp-bjtl	0.8146601955249181	0.869034619075101	0.9952072744563304
mp-boho	0.915297949597906	0.640423657809703	0.9845535158213444
mp-brgsv	0.7180868360852951	0.8103229492575941	0.9838279466985675
mp-clhjc	0.8060396346731581	0.784658517443619	0.9899570004558496
mp-vgl	0.7454518768075701	0.8472819275437411	0.9898844867019316
mp-cpgub	0.8146601955249181	0.8806153203908531	0.99564603977364
mp-uzf	0.669368960122645	0.824694945017673	0.9786961676670628
mp-bgrr	0.8376664040605121	0.6244715544038021	0.9722678629055924
mp-cqxuc	0.8357309794091471	0.9622000634480432	0.998319648188413
mp-ckwyp	0.6212996153977031	0.774396650657709	0.9593803008331554
mp-gqk	0.8022995574311871	0.8442027958499101	0.9934941586459204
mp-bkqaj	0.964888242944126	0.777789493949087	0.9969297343687022
mp-cljsp	0.8286876228970471	0.8163949932844221	0.9934437428689422
mp-ccae	0.787074086268694	0.8166214942315161	0.990898550453919
mp-bsio	0.7832031184624151	0.870927126640562	0.9937993259690514
mp-bnqmy	0.953080105110644	0.6066801628028341	0.983417317164915
mp-bnqcp	0.6500199531206381	0.775092732276607	0.9668767961377333
mp-bfbig	0.83261517732718	0.7298625219857131	0.9873082093783612
mp-ngb	0.7976919198541761	0.7169201597162781	0.98224648253355
mp-qgj	0.5334852405144921	0.8870161810502891	0.9567045585000892
mp-bpidi	0.7033683215378981	0.6708312757389371	0.9557754041730712
mp-brcau	0.9254972408973452	0.8345864266364471	0.997573117633378
mp-dawhr	0.8365062567548881	0.91511801033735	0.9973799737382516
mp-bfkcw	0.743167690211745	0.829809609821027	0.9883392107985572
mp-crifj	0.759461230263987	0.8545059912039881	0.9914347772256932
mp-bgg	0.607538118508553	0.918780223532708	0.97999233817334
mp-mhh	0.8505790964837701	0.901568367561535	0.9974172257477208
mp-ckvnu	0.6757574402790241	0.70374716170253	0.9572223227175776
mp-bijo	0.661463251250328	0.7653379571463	0.967581591072718
mp-lle	0.9373944421667252	0.722906772553199	0.9935473026425152
mp-bexel	0.642509631234987	0.7753790793187011	0.9651490645754188
mp-biim	0.909074858712512	0.763866674536206	0.994520134723032
mp-bfuo	0.9252220268494332	0.960949031966992	0.999515776260811
mp-cpmnx	0.8579682415109141	0.907214004897355	0.9977274147684884
mp-biwsw	0.739039396794095	0.831310516824574	0.9880817914196276
mp-bfkfm	0.9445485210093012	0.8670043441177431	0.9985968124823577
mp-clfoe	0.9870275120854052	0.831782461269978	0.9986378858299624
mp-bhqq	0.8666276731112811	0.937757933471458	0.9984828543405452
mp-bfuah	0.776695774621672	0.6027911292033671	0.954413697247012
mp-bfrue	0.764367324773065	0.860777987059632	0.9921477949942412
mp-cpnos	0.9926444148540392	0.892143133266398	0.999483857033838
mp-bfulm	0.8892311507835111	0.677264263276793	0.9866811944266848
mp-bfwbn	0.64752053396414	0.766211780034149	0.9644870613954746
mp-bcssf	0.689405074438011	0.8750417897600371	0.9867954254617533
mp-bkqos	0.70145321785683	0.8173037511971011	0.9824899359655416
mp-cppyc	0.976805963260488	0.8252465264808391	0.9983610945195268
mp-bjoql	0.978508149644152	0.5115214298595381	0.9663315932962852
mp-bmlqs	0.8290820074713381	0.65260865554376	0.9764483525093608
mp-bolo	0.8740148994516911	0.7633723810274241	0.9928256335196228
mp-edh	0.9469207120756312	0.8354283672100951	0.9980381644057316
mp-bseqj	0.9004702104214831	0.545122667731757	0.9630588752757818
mp-ckitq	0.719499258262964	0.867981829380812	0.9891891889555706
mp-cbda	0.7143098918875641	0.71032303496171	0.9678883739887804
mp-cjldw	0.844556904193674	0.8396341657355201	0.9952610195568926
mp-clfzh	0.844936142691579	0.7776953285618481	0.9920789905344686
mp-bsjo	0.930104244111377	0.7149845256623281	0.9926967939568758
mp-sju	0.8341760100838961	0.7451803184144431	0.988871726940304
mp-bgst	0.8802029828000151	0.752707019643664	0.9924952921166575
mp-ckisb	0.7656992897590421	0.759925352765437	0.9838141532143536
mp-bcsoq	0.660471804903604	0.69615373222744	0.9507605607284596
mp-cesua	0.647020162616151	0.855574950472551	0.9790323663451864
mp-bepy	0.730254831386496	0.862836628401294	0.9897442579923614
mp-brfc	0.95483576932461	0.8772299086634391	0.9989011573418358
mp-bjyi	0.857602486741144	0.8684612456511881	0.9967225649172388
mp-bkqfp	0.948783190112398	0.69879659626509	0.9925647453376988
mp-bsiv	0.6440145680073851	0.8792024352163741	0.9813661135198412
mp-cizyb	0.613155655943044	0.9450740305047092	0.9835996229855852
mp-bmjuq	0.9196202263261912	0.9170313510029532	0.9989829375629428
mp-cqqrm	0.970794077947514	0.90305608157463	0.999393025313625
mp-cfyzf	0.812621328167853	0.9153455128892992	0.996693694011539
mp-bjkz	0.8278977728425171	0.73829779279548	0.9877224854291072
mp-crvtx	0.792620377012754	0.7927558902216361	0.9895548559118512
mp-ckvov	0.9126553293464992	0.688015859536646	0.9895625070100604
mp-dbgiq	0.959910748660868	0.8083505891319731	0.997672368508284
mp-cprah	0.787502626021639	0.7836031956093911	0.9883750059699834
mp-crpqu	0.640500863532626	0.9073523723518552	0.983806071509631
mp-bmlra	0.879522049013237	0.7446417108330291	0.9919220452908192
mp-blhdt	0.96391812694946	0.769863810614781	0.9966443699488108
mp-cjmrf	0.996864474309984	0.516592715318974	0.9704936461195308
mp-bpifp	0.678695055045156	0.8006940373422301	0.9769225123448926
mp-bhqa	0.98738059709561	0.787949405396358	0.99773150364809
mp-bdft	0.855031245528961	0.938606885192034	0.9982842617813448
mp-bjlbg	0.999854978657378	0.746915589760301	0.9968190772163252
mp-bjrgl	0.615194713338295	0.7511734830076561	0.9518364900795052
mp-clgxk	0.9199047085146412	0.8264657636343641	0.9972270241660326
mp-bfbdu	0.8842534586095381	0.902659733959817	0.9981908458171028
mp-khb	0.7376585624113431	0.669550416583028	0.9637341111603548
mp-evx	0.819115259837717	0.696498959335026	0.9820329695700776
mp-bpwbq	0.8701677331788891	0.758382107625115	0.99229901520238
mp-bpwcb	0.9246702001316572	0.551942762661224	0.969063003661652
mp-bqifm	0.9014087375955572	0.637794397882476	0.9828324936310958
mp-bqvmj	0.79049355012623	0.7475414339407661	0.9851297090689888
mp-bpvdx	0.885923284779017	0.818320027430635	0.99597130532511
mp-bpwee	0.985441977909365	0.660219936161895	0.991647374609167
mp-bpxkw	0.988855003254105	0.7323354633627691	0.9959685939082188
mp-bqaij	0.771440667121257	0.8393310243173281	0.9913085743728288
mp-bqarx	0.981861839145004	0.7569482644171871	0.9966898658143468
mp-bqdst	0.7413355379962231	0.807959185310079	0.9862135329264968
mp-bqdug	0.866983494776674	0.721300204133923	0.98927471858102
mp-bqebi	0.9363758644725112	0.581418734422619	0.9773278982989438
mp-bqhzd	0.979409867434096	0.692215657789312	0.9935910129252516
mp-bqiat	0.826710301995052	0.6469465283711491	0.9750652118279768
mp-bqiob	0.991911282122916	0.90082142661319	0.99955791655865
mp-bqisq	0.9421275801880352	0.8112982040182991	0.997350889451432
mp-bqjlm	0.84758019752622	0.74094490281906	0.9895324169057697
mp-bqkid	0.7670286324002941	0.6335099382093491	0.9610732672518532
mp-bqmow	0.8915212816511521	0.7799288789134851	0.994564346132161
mp-bqvas	0.953961919811414	0.781725331464395	0.996768201306934
mp-bqvjz	0.988855003254105	0.545180414919995	0.9762977152194404
mp-bqvli	0.883246503404675	0.73738123351726	0.9916353736718828
mp-bqvmg	0.8740148994516901	0.6974390061841741	0.9875551455140952
mp-bqvpf	0.955052985342497	0.684947999601724	0.9919056753615184
mp-bqvpi	0.873667200183142	0.5617165185412211	0.9629499227084498
mp-bqvqh	0.9836338763879372	0.77802389783571	0.9973876963897612
mp-ldr	0.930104244111378	0.7981197768871131	0.9966441937973942
mp-bqwct	0.9567727288213	0.706307438138254	0.9934385589677625
mp-bqwli	0.9111713534898912	0.5941599414590021	0.9766416867619232
mp-bqwtm	0.99408745955514	0.719300537153262	0.9955775743630771
mp-bqwyc	0.6864938912879031	0.8126814049090081	0.979807108074768
mp-bqxei	0.9605247597820452	0.799255674840545	0.9974502135413288
mp-bqxgh	0.7468191627553751	0.7473947117560941	0.9798287830673442
mp-bqxgt	0.7866452317038161	0.7080610040265111	0.9796195677092626
mp-bqxih	0.941145613217476	0.7428650503649791	0.9947843380768724
mp-bqxme	0.651517634816386	0.734593396522715	0.958391949061154
mp-bqxmj	0.918477699049369	0.6183082352231081	0.9817053118207578
mp-bqxqd	0.872621645273523	0.7930767863031021	0.99438037045685
mp-bqxtv	0.7762595064441541	0.709563937965033	0.978418659309992
mp-bqxvs	0.7024112136346701	0.7124056612796861	0.9657900535026044
mp-bqxxd	0.6374831007188321	0.727605525631518	0.9525283371843514
mp-bqxyy	0.841126804554698	0.666066037357666	0.9802652981839982
mp-bqyhp	0.971320745546089	0.7068356159054701	0.9941063157001614
mp-bqzpk	0.659479654649035	0.7154139573438351	0.9557669147694764
mp-bqzzj	0.8995277307681091	0.7629389657734631	0.9940572706824766
mp-bradd	0.7495464131639921	0.680028952400747	0.9685707987650158
mp-brahd	0.725594542220922	0.775526901054676	0.9806644541188736
mp-braib	0.7549712517076771	0.726524942191034	0.9779492826380306
mp-brajs	0.970617489257203	0.6461226675757781	0.9895346207985276
mp-bralg	0.7692383404133301	0.6627860273288171	0.968624067845018
mp-bralt	0.929301107140129	0.7857544259208851	0.9961914441662704
mp-brave	0.974050951842016	0.707282601021054	0.994243930512738
mp-brbfk	0.986669620310276	0.6926343573476941	0.9939287143485844
mp-brbia	0.846826652906402	0.6457724372982051	0.9776870912190327
mp-brbmc	0.965272722178762	0.47391767559497	0.950498983398234
mp-brbun	0.8705195129341671	0.8212595502394411	0.9955334543273712
mp-brbur	0.7749488861124191	0.764009701729992	0.9852854953547824
mp-brbux	0.9440682244067712	0.6265216041038251	0.9853313650510424
mp-brccy	0.9791113960149452	0.658285608640733	0.9911407291227778
mp-brcdf	0.8644843137107051	0.7674976662969221	0.9925592616708596
mp-brcfg	0.6649277074294261	0.7337910105588471	0.961725943778831
mp-brcjs	0.985441977909365	0.494061851856812	0.9619558009666508
mp-brcnm	0.9072603635352552	0.7683971288785021	0.9946661899845042
mp-brcry	0.8146601955249181	0.7972307572047691	0.9914688407240948
mp-brcsu	0.7710007951851481	0.66543131556566	0.9695247404144384
mp-brctc	0.910574604566852	0.724435003810267	0.99229671492882
mp-brcva	0.860154512443953	0.602377906529714	0.9710309408066116
mp-brcxf	0.9530801051106452	0.6420584254819921	0.9878989409123308
mp-brdbj	0.918477699049369	0.5700228524842781	0.9725350144948064
mp-brdfv	0.8812212555057231	0.7440074146108481	0.9919776300974582
mp-brdij	0.8937903744076581	0.636881492417116	0.9818968841349762
mp-brdkh	0.9718427613991832	0.61608048066316	0.9863250940749884
mp-brdkt	0.8701677331788891	0.6593050352122091	0.9826026852020548
mp-brdkw	0.8565028711085261	0.726202713073927	0.9889219167530824
mp-brdla	0.9464501864065732	0.585340641815254	0.979250139978182
mp-brdlb	0.85942733102483	0.634725288232109	0.9774248829078308
mp-brdma	0.847580197526219	0.556780547332557	0.956082907668739
mp-brdmx	0.906347082216546	0.7637681191033341	0.9943996357236364
mp-brdnq	0.798952491528759	0.661488649710914	0.9735459725086456
mp-brdqs	0.949931252444531	0.616867649438354	0.9845679466767332
mp-brdra	0.939907271720499	0.5571158075408891	0.9726014292189222
mp-brdrc	0.953080105110644	0.6483821187176021	0.9885673739263888
mp-brduy	0.707187790496642	0.7042957403736341	0.9650607142204704
mp-brdym	0.854293095112543	0.702821938056513	0.9864232026412576
mp-brecf	0.841126804554698	0.679480442799938	0.9822191184580552
mp-breev	0.9069563825953092	0.525325497056224	0.9579960729193708
mp-brege	0.83843798484133	0.790232404053365	0.9924859770458188
mp-brehi	0.762587314980648	0.7432673816586841	0.9813797017694804
mp-breld	0.970970150354395	0.5445278564850721	0.9739039767905828
mp-brelk	0.9170392168065852	0.658915508786849	0.9869552546523028
mp-brent	0.932488153796634	0.7985954618268281	0.9967266527801962
mp-breod	0.925771988335362	0.5165872364311961	0.9587205686941545
mp-breqt	0.765255592153367	0.7237094470059401	0.9790058808995982
mp-bresn	0.8882432563435391	0.887205740436648	0.9979639992190492
mp-bretf	0.9001564892428411	0.735604790266662	0.992476361628674
mp-bretx	0.6980933013265711	0.759332783527328	0.973893835773319
mp-breuk	0.915297949597906	0.6868930078931991	0.9896425247501596
mp-brewz	0.926866305970276	0.8923247463311481	0.998734460091508
mp-breyl	0.8388232187350511	0.723491452265362	0.9872138046424188
mp-brfba	0.8175001047143801	0.7764068743395801	0.9901715334311388
mp-brfbv	0.876092468532055	0.687810279831741	0.9867126693946529
mp-brfcs	0.896676670145617	0.55824169141444	0.9661316210071466
mp-brfct	0.937140516531316	0.6167572882202721	0.9833606610920502
mp-brfna	0.945265308993357	0.6676102596983451	0.9898957585329246
mp-brfpw	0.6864938912879031	0.755444967188559	0.9710128302037848
mp-brfvj	0.9020322219805672	0.5671482226391901	0.969350450750796
mp-brfvu	0.991627453781977	0.6264522778010371	0.988951159951154
mp-brfyy	0.752263811907509	0.778148633088223	0.9843351962797776
mp-brgbv	0.8902152036691641	0.7654599686804431	0.9937625435795284
mp-brgcu	0.7801749564140701	0.8043695088284131	0.9894750190510804
mp-brgdy	0.918477699049369	0.611540240249686	0.9806251824222096
mp-brgef	0.8698155474893041	0.6644831103318001	0.983277906976478
mp-brgev	0.9835007438812172	0.7135889977121621	0.9949411618132504
mp-brgfg	0.991911282122916	0.8632826230508741	0.9991605147100718
mp-brgif	0.8535533905932731	0.685867606398873	0.9843816595251486
mp-brgij	0.901096334941153	0.690917444125274	0.9890119017487244
mp-brgiy	0.950840822543023	0.7771755717927461	0.9965290061248272
mp-brgkz	0.990746867216716	0.8700421305863131	0.9992300772880456
mp-brgla	0.964501724482212	0.6553261756980091	0.9900074814145636
mp-brgmv	0.99849947463499	0.680859319494994	0.9937197545148356
mp-brgpt	0.93890791348056	0.698335700095113	0.9920118769620542
mp-brgqj	0.834954229383087	0.832208177932737	0.9945309357860532
mp-brgtc	0.9780502044892372	0.8194807856168821	0.9982682304243504
mp-brhhp	0.956559511598267	0.668674939959351	0.9906959867357116
mp-brhwe	0.991045243455786	0.714638004594608	0.9952608163566564
mp-briad	0.901096334941152	0.5715311044661451	0.9702820196907984
mp-briaj	0.857236339816402	0.875131336664228	0.9969054897442852
mp-brjpi	0.72792781118175	0.6910880968451111	0.9666074624025894
mp-brjyr	0.852069332231811	0.661102486710414	0.9808259114868968
mp-brksh	0.9179036806841352	0.7812558406419541	0.9956411510574716
mp-brlbo	0.6268789722924021	0.7773043264476961	0.9615598093142688
mp-brmon	0.9927336263856872	0.480225310413616	0.9583705170030992
mp-brmsj	0.881221255505724	0.6275918749242171	0.9789652346158852
mp-brmvw	0.7793069949176471	0.6054056595527281	0.955860837706993
mp-brmyu	0.974050951842016	0.569360515294231	0.9794093315406304
mp-brngw	0.942127580188036	0.7272348187724731	0.9940080442343284
mp-brnnc	0.9913387732765472	0.468990918336933	0.9537543910585828
mp-brnpn	0.9199047085146412	0.712016430307789	0.991947065638827
mp-brock	0.7057571793025541	0.814822700152754	0.9827729787780948
mp-broni	0.894756372238188	0.524951151147478	0.9553582910393692
mp-brpgv	0.860154512443953	0.6292303859946311	0.976526959941284
mp-brpgy	0.934833647383382	0.6699831764365201	0.989421038061446
mp-brpkh	0.8998423292435451	0.7617479240386551	0.9940083910546492
mp-brpmm	0.860517510922394	0.586929515832465	0.9673951354904607
mp-brpnq	0.8361188023797571	0.651331466502709	0.9772049253031524
mp-brppf	0.773197173367134	0.673243407810832	0.9715337429409304
mp-brppk	0.939658155095278	0.708528849380175	0.9927562959788524
mp-brpsk	0.8915212816511521	0.6133717818927821	0.9777470377972336
mp-brpsn	0.980582710894426	0.680174750256834	0.99286578606773
mp-brpst	0.8361188023797571	0.714160704137704	0.9859861075201294
mp-brpti	0.950159385701096	0.63125250305501	0.9864344445071658
mp-brptm	0.844936142691579	0.697174917079835	0.984896480188944
mp-brptq	0.89184672866292	0.707773707149288	0.9898707547883748
mp-brpub	0.812621328167852	0.756826925656351	0.9881478289399128
mp-brpuh	0.9306373109379812	0.524114852589476	0.9621015825616552
mp-brpvo	0.9567727288213	0.6631840279090381	0.990231425247081
mp-brpxh	0.965272722178762	0.728289443165675	0.99499195509243
mp-brpyf	0.9758508168009912	0.506439441760966	0.9643547901735048
mp-brpyh	0.940404057461502	0.701436365019484	0.9923125882496966
mp-brpyp	0.950159385701096	0.726735736768756	0.9943212962278596
mp-brqai	0.940898911374844	0.587179887842003	0.9789491237428048
mp-brqaj	0.9601159236829352	0.6390842987223571	0.988094088561391
mp-brqal	0.9309031361273772	0.529873523702867	0.9639262328936709
mp-brqbg	0.920188730226094	0.635024837170727	0.9842932991854734
mp-brqdw	0.909074858712511	0.6406295961521681	0.9839906691851884
mp-brqdy	0.9605247597820452	0.64762200412449	0.9890086815197656
mp-brqed	0.9673508318659392	0.520236446674463	0.9671195711757604
mp-brqef	0.9515178097680432	0.5050239314109181	0.959636429920743
mp-brqep	0.903892083174558	0.618817179004812	0.9801808323448192
mp-brqer	0.882235765711545	0.6884975907303701	0.9873067010070667
mp-brqeu	0.914127992048801	0.54968920697936	0.9667565670248516
mp-brqja	0.996315495304464	0.476989967957992	0.9578196449019856
mp-brqki	0.8215274852376151	0.7623051797856161	0.9893476348406064
mp-brqkl	0.759461230263985	0.821009748810368	0.9890677584547988
mp-shw	0.8101633789882771	0.74290837190404	0.9865855164609372
mp-skd	0.5895728224417911	0.777269449237122	0.9502189596513588
mp-tbl	0.8655577973649321	0.811119819399669	0.9949138664062758
mp-tnr	0.8298696935515131	0.574033896005535	0.9577435522040874
mp-tsx	0.852069332231811	0.69171157975583	0.9849466010508776
mp-ude	0.8612423214266741	0.694069266695149	0.9860865456764468
mp-bjzne	0.987958380969373	0.7901575618138641	0.9977979299660924
mp-ckyfw	0.798112437482807	0.667862676931677	0.9746165169169896
mp-bfvpm	0.911766298814212	0.8294300751093011	0.9971027550917652
mp-crupu	0.793044781571804	0.9832603332546872	0.9977750342882415
mp-lrz	0.8407438063507591	0.824924210935679	0.994459419417254
mp-bevox	0.6579901189609311	0.758706333911849	0.9654517580912582
mp-bmknz	0.723255088471762	0.907393737240266	0.9920396687656178
mp-ckuyf	0.920188730226094	0.830030213414053	0.9973310047381484
mp-bbui	0.7599086713103551	0.807286795800882	0.987971775471076
mp-cehut	0.929032452861822	0.8609198118940411	0.9982270562639264
mp-bqzfs	0.7558715000571721	0.726700758114545	0.9781086312113512
mp-mxn	0.903273897493364	0.94193993393685	0.9990864232551672
mp-dblyo	0.91876402002107	0.9255707512512752	0.9990801267027876
mp-ckvvp	0.992910428323236	0.926028975944661	0.9997659472674024
mp-ckuug	0.9750405095503852	0.8507204841064551	0.9987775369224444
mp-beqk	0.9120630943110072	0.9193458662154672	0.9989129649488676
mp-bkrya	0.8778124377320611	0.7427269163926571	0.9916880047904024
mp-org	0.883246503404674	0.9112178168707212	0.998328960464783
mp-ckwpe	0.973884205004792	0.523839388045785	0.9691236517642964
mp-bkpip	0.955052985342497	0.7285015739879811	0.9946115557941124
mp-clhvr	0.8659148240145451	0.7937071585980511	0.9941067618760716
mp-bmkci	0.544968649849322	0.8908818630764561	0.9612134096720124
mp-vjc	0.753618783365095	0.7695656853641151	0.9835228333972694
mp-bgleg	0.909074858712511	0.5714990569596521	0.9714945201282792
mp-clhht	0.6289036941070311	0.817068845826151	0.9698077309727714
mp-bkoyh	0.6490206751680011	0.845578550335174	0.9780792448358576
mp-bewc	0.7887863517111331	0.822658196390988	0.991422542207856
mp-cjksv	0.7427100508976311	0.8613262921278521	0.9906430047259028
mp-bmngt	0.518845091334968	0.9190036294046012	0.9581728928415394
mp-clexr	0.883918227765299	0.8211000833505541	0.9960047556092224
mp-clguh	0.8875825306666961	0.814631020098266	0.9958914445173448
mp-dmm	0.9966863828001972	0.961508325234692	1.0
mp-bfkeq	0.666409772261493	0.893489802657309	0.9858081020182122
mp-ucu	0.774073630850294	0.767875820255528	0.9856024168180434
mp-clgxi	0.8590631488815941	0.824834608521766	0.9952360363267192
mp-bfhkv	0.831440721353447	0.895243358895849	0.9967086336446896
mp-bduq	0.8509522331226751	0.759215429891256	0.9911908780649042
mp-beupa	0.6966500680620831	0.820994913493278	0.9822713194463776
mp-cqroh	0.993085068114494	0.930350870809529	0.9997970689660272
mp-bghps	0.770120160238827	0.927522956177905	0.9955175937811082
mp-boop	0.8345653031794281	0.8710768057355901	0.9960519873230402
mp-dbrpo	0.744082168348833	0.8255026915883871	0.9880650158694572
mp-bewlh	0.8407438063507591	0.740106034108848	0.988940300618012
mp-bnqly	0.8612423214266751	0.8571792762035441	0.9964881747426404
mp-bfphq	0.726995249869773	0.942850940284218	0.994026103385211
mp-clhkc	0.8619655473453981	0.7668708075235391	0.9923778111478728
mp-bfjtd	0.646018936792166	0.832607743541612	0.9757564892168692
mp-bpsf	0.9026539428555612	0.7255748231721211	0.9919340315969384
mp-cjmap	0.7486384190149731	0.8375299386108551	0.9894282888996876
mp-xvd	0.990341498455118	0.810609015693549	0.9982968190525764
mp-bgozf	0.867693930390508	0.746488573442007	0.9913367993775108
mp-crpsl	0.921883173071227	0.800915236612968	0.996499175159653
mp-bfpet	0.66096761633733	0.7759883252424781	0.9694898413573142
mp-dbvfk	0.949243893249544	0.8039392380732291	0.9973170969671395
mp-bkqsi	0.8134379067267621	0.6441235441112081	0.9724467884287096
mp-bfywm	0.8294760311668571	0.774536485593137	0.9908758815193952
mp-bilu	0.929032452861822	0.7631641735257041	0.995271273178174
mp-cppui	0.8535533905932741	0.6769296274658231	0.9832337118578244
mp-crsmj	0.866983494776674	0.9328442048726072	0.9984077427491614
mp-bqyiz	0.9054297904161872	0.740054240569168	0.9930351771830034
mp-bfsui	0.9994693285050852	0.8367914838500321	0.998887125888541
mp-chllk	0.978508149644152	0.708299335703616	0.9944780450733256
mp-mky	0.858698572981589	0.8907915089741281	0.99736120258538
mp-ffm	0.578217232520116	0.820750864977542	0.9570357636850702
mp-uot	0.8898876134802821	0.8070178779632491	0.995680777389159
mp-nhy	0.81384568064535	0.7747977983191521	0.9897743283492138
mp-caqv	0.991817211979228	0.699814691960536	0.9945405073145016
mp-xdm	0.6248520242672291	0.828763765589929	0.970900652021268
mp-cpf	0.916460620355049	0.903148455112677	0.9987446006180444
mp-brgst	0.8579682415109151	0.6657337479590281	0.9821776186866716
mp-cdmjt	0.846449309882876	0.911264587633766	0.9975426128872268
mp-cpqfk	0.9949377817386572	0.604190127759598	0.9866564336748987
mp-bfwku	0.578217232520116	0.90608788154925	0.972599686466162
mp-bfcqt	0.8150669355926841	0.8759151444879381	0.9954888067670976
mp-clhve	0.8862559818389321	0.8448949416965921	0.996859522721574
mp-bctzm	0.55642819243674	0.8412437654143361	0.9545454614566184
mp-bfvek	0.989822689677161	0.7468298841774481	0.9965511674362052
mp-cljjy	0.854293095112544	0.850229659923274	0.9960257382256448
mp-bikfw	0.8318325707162281	0.97089337212707	0.998389914601979
mp-bgiff	0.668383301338194	0.8057485586798591	0.9758729659990596
mp-bonn	0.586995964918242	0.839786217701424	0.9635911209365778
mp-bgjoh	0.6713380445658611	0.7859371835222451	0.973322251966056
mp-cqpga	0.998112530246468	0.926666491299078	0.9998040695319532
mp-bkoxx	0.9524135262330092	0.869825653340286	0.9987583001344136
mp-mgx	0.739039396794096	0.7932115011889681	0.9844611488623656
mp-bkfeu	0.747729334216204	0.850077179335691	0.990265815978753
mp-uek	0.8318325707162291	0.885594800337382	0.9964312475159102
mp-bivg	0.721848474197983	0.7559935370809711	0.977375767803335
mp-bkbza	0.5605881929148251	0.8285909576915871	0.9530344305523658
mp-bkouq	0.672321461587258	0.861304989560387	0.9834387533458512
mp-betxh	0.9603205941314752	0.834128440831426	0.9982558389388974
mp-ooo	0.5895728224417911	0.852319045478086	0.9666160346327552
mp-bkrig	0.8255196066488071	0.703016955814975	0.9836054553259584
mp-bqtv	0.885923284779017	0.810344150473943	0.9956689880121612
mp-cjkfx	0.8093413367405491	0.611811334009653	0.9642442426815312
mp-crtpp	0.6500199531206381	0.850282799751334	0.9788567541108444
mp-clirm	0.982962913144534	0.8050448136069731	0.9980499323400176
mp-clhjn	0.92439358806694	0.821132998248686	0.9971908638319792
mp-clews	0.8158793787539781	0.7922324303523891	0.9912099507387988
mp-cpskn	0.961538008248457	0.537974570905231	0.971024290580096
mp-bfolu	0.743625062862665	0.8479912252648221	0.9897860291134224
mp-cleyc	0.7892136275203361	0.8490567006106161	0.9930186344657806
mp-crqjs	0.6564990239741401	0.9092946995691232	0.9860241062672348
mp-lyv	0.7024112136346721	0.858582174912311	0.9867608355575708
mp-boyy	0.561627540012759	0.8323048089581361	0.9542572952752734
mp-bpsk	0.906956382595308	0.8068367059660261	0.9962476494708244
mp-cjmok	0.6100933583736501	0.839326880170524	0.9693532224430028
mp-clhwd	0.8290820074713381	0.7983090584200061	0.9924337400672014
mp-bjff	0.671829847292807	0.7680963763007681	0.9703355706476964
mp-bglse	0.790919554494739	0.623716222737134	0.9636091953211487
mp-bfqnq	0.927682130080254	0.7718187640257501	0.995594273755364
mp-bmndy	0.859427331024831	0.696712263584156	0.986216364527986
mp-ewh	0.847580197526219	0.738654293960694	0.9893375905069076
mp-cesww	0.979260894508687	0.6327527848017981	0.988772345549749
mp-bmmby	0.692308780200091	0.769267933558609	0.9744858271934496
mp-chitk	0.643513079612901	0.7919771334402621	0.9685966649574308
mp-beuf	0.8915212816511521	0.792411888447718	0.9951373973916188
mp-crxsk	0.857236339816402	0.8341851521442201	0.9955401790704568
mp-bfxtg	0.91876402002107	0.7697636269747251	0.9951826519517908
mp-ckvao	0.8453150029247111	0.8154690893739901	0.9942222445995792
mp-bpizc	0.64752053396414	0.801287109008314	0.9711218735369812
mp-bqvxi	0.7567706260290841	0.6355405216595691	0.9592884625565716
mp-bnruz	0.6490206751680001	0.721726746292445	0.9544170229041526
mp-xdl	0.5823516585950781	0.8308328472960571	0.9604704351020852
mp-cqgfg	0.723255088471761	0.651377145165788	0.9555010751452064
mp-cqggj	0.8747090671483541	0.790570099979191	0.994350744926334
mp-cqglb	0.946685694163918	0.8055975878531281	0.9973023215587868
mp-cqgnt	0.9026539428555612	0.63466027866353	0.9825074747017202
mp-cqgqo	0.948552100198696	0.641416309938018	0.9874871946765575
mp-cqgzg	0.977587541171798	0.496112667144766	0.9612884724482694
mp-cqhev	0.792620377012754	0.7363265226329261	0.9840814178093996
mp-cqhnp	0.990238811686472	0.6482343627071321	0.9909245819662246
mp-cqhto	0.7504533126803541	0.7320404430742	0.9781217120352784
mp-cqhux	0.7968499056913521	0.8182324134187621	0.9916752416724472
mp-cqidm	0.6450170704576841	0.7570381395249931	0.961882571098626
mp-cqigo	0.8047959463706431	0.5754328316436901	0.9523823532132772
mp-cqili	0.969726808351776	0.697630450568536	0.9934932456128838
mp-cqiwi	0.8453150029247101	0.664769162436683	0.9805754509072132
mp-cqjkc	0.8976309512699521	0.636510581551315	0.9822520758481066
mp-cqjmz	0.847580197526219	0.6468294154649521	0.9779692148958328
mp-cqjnu	0.7930447815718	0.6334757391768571	0.9664652411468684
mp-cqjsr	0.924393588066941	0.747912481811636	0.9943575876047938
mp-cqjwy	0.9524135262330092	0.535037292559237	0.968908546534696
mp-cqkhn	0.8557678386046421	0.8319865277645161	0.9953970986304692
mp-cqklz	0.7806084765308691	0.6791154477497781	0.9739175125987638
mp-cqloy	0.923282488853068	0.7555913462585631	0.9946975630243186
mp-cqlpe	0.843036175878161	0.7725248128935801	0.9916193725955208
mp-cqmlw	0.8150669355926841	0.7926794270364481	0.9911862380455074
mp-cqohg	0.9807269464225352	0.668968317620204	0.992072248998954
mp-cqpcv	0.970262763801458	0.808919648710799	0.997897043801662
mp-cqpcx	0.693275000657242	0.664544831092244	0.9511609505697326
mp-zev	0.8568698011382111	0.7238145941224531	0.9887338777273272
mp-zfd	0.8118033782988491	0.577904838630078	0.95488591122604
mp-zgj	0.712415762802526	0.6702259567515151	0.957954094530181
mp-zgk	0.728859372690834	0.679034579736847	0.964060318631115
mp-zhu	0.734427517361937	0.6466429906661401	0.956997107152701
mp-ziu	0.9170392168065852	0.553983317665112	0.9683834773117952
mp-zje	0.9069563825953092	0.7558426222708751	0.9940146571012471
mp-zjl	0.7513591135859561	0.6546964733737101	0.963092517862978
mp-zka	0.778872554489844	0.76966256329266	0.9862725075787696
mp-zkg	0.950614170999705	0.669349941284134	0.9903903335082094
mp-zkk	0.907866985249513	0.7873482261894911	0.995534938332837
mp-zkx	0.777131739368346	0.8000377701907441	0.9888766240869732
mp-zld	0.9897173160115632	0.8817621365887711	0.9993517637591122
mp-zli	0.9001564892428401	0.7818961584487251	0.9950095873684685
mp-zmr	0.8146601955249181	0.760249210372806	0.9886241866287612
mp-znh	0.9290324528618212	0.8660353992544121	0.9983247950760432
mp-znm	0.945977702388575	0.865288094721921	0.9985901315290414
mp-zns	0.909074858712511	0.512228104613906	0.9537726845690132
mp-zoa	0.8976309512699521	0.676146513017654	0.9872613308862412
mp-zop	0.9601159236829352	0.717248395347542	0.994220084668867
mp-zpi	0.846449309882876	0.631153481323488	0.9749564443520868
mp-zqh	0.959910748660868	0.5089180731334261	0.9624405912959972
mp-zqt	0.7934688647713151	0.7375549846484061	0.9843173703393236
mp-zqv	0.7371977623669651	0.6898468246683771	0.9682313038438632
mp-zri	0.8089298065451691	0.7176480483358341	0.9836219450712462
mp-zsd	0.8705195129341671	0.7472876819816351	0.9915684300940658
mp-zsr	0.927953133835566	0.610399331277183	0.981467108108472
mp-ztb	0.947855880119706	0.49973854571644	0.9570785644828824
mp-ztn	0.870870886369369	0.588109630504004	0.969443316307837
mp-zuo	0.916170636920332	0.8454070255401601	0.9976288356542092
mp-zva	0.8158793787539781	0.79812564240083	0.9916077968007032
mp-zvs	0.8223287443137951	0.8577836195134281	0.9950794215125248
mp-zvt	0.944308616327474	0.56461318889788	0.9748872056228742
mp-zwd	0.896995199323916	0.7915854191929531	0.995311797551457
mp-zwg	0.7138367108443401	0.7118922294101301	0.9681159196999964
mp-zwx	0.9150061425476812	0.712660972692938	0.9917161548666674
mp-zxs	0.857602486741144	0.692760650755981	0.9856007293022618
mp-zxy	0.995991454347743	0.62638043097369	0.9892305566863216
mp-zyw	0.9462141890618592	0.746834820881159	0.9951649691208182
mp-zzc	0.6525152594043381	0.71055775029915	0.952431060126638
mp-zzm	0.6757574402790251	0.7771854984301331	0.9727141644358313
mp-zzt	0.798532628194598	0.712000738577925	0.981691210171848
mp-cpr	0.9648882429441252	0.5119431367063491	0.964247422016086
mp-cps	0.98678945143658	0.6223222441375	0.9881789727066016
mp-bacc	0.9001564892428401	0.759894025280439	0.9939234467648732
mp-baet	0.967164471228306	0.473647382095763	0.950782859534
mp-bagg	0.8905423659392311	0.678670421373266	0.9869470170835996
mp-bahm	0.9431017896156072	0.585164322117901	0.978835110008257
mp-bahr	0.8788394504570731	0.731059425904219	0.9908954518496088
mp-baif	0.7166722614785931	0.7177202990897391	0.9698606765144762
mp-bajn	0.778872554489846	0.693534689233679	0.976207042692916
mp-baka	0.752263811907509	0.6651934522863681	0.9658111650895704
mp-bakc	0.98442152871839	0.824641427756113	0.9984719034754348
mp-balg	0.940898911374843	0.5924950897955831	0.9798951166671628
mp-balm	0.952190340694566	0.495990380279329	0.9565532393132398
mp-cqu	0.5936906572928621	0.787804335778148	0.9542468702794856
mp-balz	0.721848474197983	0.7987778193682641	0.9830073334327306
mp-bamb	0.866983494776674	0.756006175594611	0.9919573818573852
mp-bamo	0.7468191627553751	0.7095616716541591	0.9738476852886696
mp-bamy	0.944068224406772	0.8274010418859731	0.9978011561140294
mp-baol	0.978508149644152	0.7225596122739001	0.9951967384962104
mp-bapn	0.9723601203547152	0.660208909231349	0.9909140502417124
mp-bapq	0.9533013046784192	0.742573465408861	0.9952273240033878
mp-baqh	0.774073630850293	0.642330698316624	0.964839066187329
mp-baru	0.817095444381095	0.6719361346835071	0.9780952067305914
mp-barz	0.7427100508976371	0.7505515754305001	0.979693002162346
mp-basb	0.985815866457336	0.7040433192861071	0.9945354963471812
mp-basf	0.842273552964344	0.6513654469948811	0.978040915605342
mp-batd	0.631936524982686	0.78496834174355	0.9644856591869548
mp-batf	0.96093157579425	0.813117926594297	0.9978096833536894
mp-baud	0.906651955377792	0.770615788885727	0.9947475382662896
mp-baue	0.724191608045016	0.796088206534693	0.982994124727343
mp-bauj	0.8505790964837701	0.652301749323496	0.9792677984923888
mp-bavd	0.9069563825953092	0.5646195507045181	0.9694997031945646
mp-bawd	0.926320082177046	0.5727843519051851	0.9742516297114684
mp-bawr	0.8223287443137951	0.844712986172899	0.9945190229858812
mp-bawv	0.994325872368956	0.8791630642535131	0.9993680630759912
mp-baxx	0.6860079751934901	0.761912025342926	0.9720708465423572
mp-bayd	0.92659342797966	0.725347472455916	0.9931820252659724
mp-bayq	0.8705195129341671	0.739952987883241	0.991035211918537
mp-bayy	0.9807269464225352	0.8261476219068201	0.9984416395294244
mp-bazz	0.918477699049369	0.628116486424233	0.9831688613127428
mp-bbab	0.812621328167852	0.733777935816574	0.9858638252740186
mp-bbbx	0.7696793981943411	0.8513055312737831	0.9919360210846324
mp-bbcj	0.854293095112543	0.7601930685450321	0.991472817296136
mp-bbdl	0.7683553395767481	0.762216406134117	0.9843751986038256
mp-bbdo	0.7495464131639931	0.629758664599656	0.9558988601316504
mp-bbef	0.6354682361481271	0.7743936456964381	0.96318557467936
mp-bbfd	0.826710301995053	0.734751818606256	0.9872735731211284
mp-bbfq	0.842273552964344	0.6449889273396161	0.9769326336070135
mp-bbgd	0.7549712517076771	0.7865158775420991	0.9855231062631212
mp-bbgg	0.657493259827653	0.755766778603787	0.964721587820331
mp-bbhg	0.8928204900251131	0.8210155678549	0.9962939029363238
mp-bbhr	0.967906837919245	0.8291066508611811	0.9982871693098582
mp-bbhv	0.9373944421667252	0.7469515809942251	0.9948369239632506
mp-bbid	0.7052798569310641	0.7750426901361861	0.9775715439439808
mp-bbix	0.930371013501971	0.8420132638082201	0.9978549423076332
mp-bbiy	0.7806084765308701	0.6904545003529361	0.9759451126844336
mp-bbju	0.9445485210093012	0.7128121958829331	0.9932698771000716
mp-bbjx	0.774073630850294	0.745771952608813	0.9831076080989354
mp-bbjy	0.8659148240145451	0.7738953374596811	0.9930251296609988
mp-bbkg	0.982001324463982	0.742599570587956	0.9961704683035304
mp-bbki	0.740417871954505	0.6850778926179281	0.9678538315131716
mp-bbkq	0.762141591413785	0.690008590264234	0.9728752211747472
mp-bbla	0.906041763445903	0.7258669734227571	0.9921449887521974
mp-bblw	0.9588773128419892	0.7304423850888441	0.9948573061051292
mp-bbnb	0.6490206751680011	0.7856168971613611	0.9686546843293926
mp-bbnr	0.8337863505233951	0.7097900143987911	0.9852711339254652
mp-bboz	0.983898550164432	0.6282387756261221	0.9886161857645144
mp-bbqq	0.986306925302472	0.917831725349438	0.9996577417330942
mp-bbqt	0.939158475701328	0.8642285368061051	0.99846344662134
mp-bbrg	0.935606905560094	0.8907722791328471	0.998836174601588
mp-bbsc	0.6579901189609321	0.7205786256671071	0.9566829326375216
mp-bbsp	0.9815812833988292	0.67746375652585	0.992727810563904
mp-dbfjj	0.69616855830178	0.736341105110312	0.9693807726415754
mp-cpgpx	0.906651955377792	0.8946470607087821	0.9984521029047274
mp-bipw	0.849082709496736	0.7178596304807611	0.987533116031233
mp-bfwag	0.9199047085146412	0.560796441273256	0.9705580967062362
mp-ong	0.8183083804041921	0.807987668941286	0.9923828369987014
mp-cksnj	0.574595096626758	0.872941137654605	0.9663859675919282
mp-cknhy	0.724659499307947	0.8455818527657081	0.9879056977625194
mp-crymt	0.8892311507835111	0.8772968605476631	0.9977712352383452
mp-cgirr	0.7449955758221151	0.923666516638582	0.9941734968083052
mp-clfgv	0.7490925526697451	0.821591948130566	0.9881989655357024
mp-bfnrw	0.9257719883353632	0.747452875869638	0.9943919128181226
mp-bcdf	0.7399586432104781	0.778077779756641	0.9828651993721772
mp-bnhmh	0.6678901946962901	0.7514624866071911	0.9662684072992036
mp-beufe	0.8579682415109151	0.7617744019046391	0.9918081773547202
mp-clgbj	0.8199207394755881	0.8451476557449721	0.9944266863699764
mp-bgpyi	0.8392080810675691	0.807512458907318	0.9935170705216448
mp-chgtw	0.6258657743342481	0.7844159947200261	0.962814754362204
mp-bfpaw	0.6673969039422021	0.8236303351652821	0.9782326515560557
mp-btvz	0.759461230263985	0.819213493300987	0.98892489409897
mp-ckyko	0.8203229532667801	0.807017219529585	0.9924442114148492
mp-clhgd	0.77275849499389	0.7808261173312541	0.9867695206656418
mp-bxile	0.6212996153977031	0.8016088964670761	0.9651433395759684
mp-bmlrd	0.96565516049961	0.8825984215626621	0.999106829147637
mp-cjkyd	0.926866305970276	0.881369465659779	0.9985596809181324
mp-ciujg	0.8722723092096341	0.8641010185536071	0.9970203755196698
mp-sjb	0.9548357693246112	0.9584987239000772	0.9997342775286666
mp-bghqd	0.934833647383381	0.8658870911696881	0.9984214121236504
mp-ckvri	0.681625615236489	0.6807903474196441	0.9525847471232683
mp-bgnql	0.730254831386495	0.95197672693361	0.9945793648549204
mp-cpkfj	0.942615655666228	0.954144138678034	0.9996080165216976
mp-clfqu	0.790919554494739	0.839411313584091	0.9925837599208176
mp-bglky	0.675267160095628	0.719581690364237	0.9610192390281456
mp-bglmg	0.932225168190472	0.7084877416025831	0.9923695483283452
mp-bglqw	0.8183083804041921	0.698096084208165	0.9821559632005368
mp-bkyyr	0.8889022789955151	0.7475735015599041	0.9926418157466506
mp-bkzbv	0.970262763801459	0.526453647560003	0.9692929786294608
mp-bkzox	0.7964284100805291	0.652762181498851	0.9713842485316384
mp-blaig	0.970970150354395	0.711589976204911	0.994355302511744
mp-blbhd	0.929301107140129	0.751683542848112	0.9947480513939612
mp-blctw	0.956131575366119	0.749908845611412	0.9956489734414112
mp-blczx	0.9733808471946	0.507127572810502	0.9641614483788904
mp-jqz	0.808105730267835	0.752789549274769	0.9873754356326871
mp-jsf	0.8937903744076581	0.758668930580436	0.993556192609919
mp-jto	0.9849360076423732	0.46704329692887	0.951670577126949
mp-blyhk	0.7960065893996091	0.61612504044598	0.962668185226568
mp-blzdb	0.751811600817879	0.735186479694925	0.9787888040356773
mp-jwt	0.7549712517076771	0.728545431154712	0.9782567885776472
mp-bmccm	0.949243893249544	0.7996817056344141	0.9971968973617712
mp-bmcdh	0.9241165106026192	0.6509670307502401	0.9866303645534138
mp-bmcki	0.9931715769655012	0.806170387450438	0.9982539716980644
mp-jxq	0.959292198406276	0.75827110867445	0.9960890690352612
mp-bmgcq	0.816690436313774	0.711412540750271	0.9836986991493776
mp-bmgjg	0.8872515300993661	0.67787661978892	0.9865795334061856
mp-bmgkt	0.9150061425476832	0.620838452895218	0.9817289547180692
mp-bmgmi	0.6884355052060811	0.801656128765964	0.9786486437286046
mp-bmgmk	0.9769633252836972	0.6446082510070721	0.9897976647306796
mp-bmhcb	0.857236339816401	0.601827944564125	0.9704339989729612
mp-bmhtc	0.969726808351776	0.732140184878812	0.9953332702704388
mp-bmhtm	0.759461230263985	0.697036707462479	0.9737234067144214
mp-jzh	0.9530801051106452	0.7387694605039801	0.9950419250647768
mp-jzk	0.9443086163274752	0.662693155849963	0.989375407979946
mp-bmkpk	0.91819091916556	0.754919970876158	0.994454816339746
mp-bmkqb	0.8655577973649311	0.7062661049365151	0.9877517533512472
mp-bmlgm	0.622822885596213	0.82175374022525	0.9692496583925742
mp-bmlle	0.7353519660826661	0.7289752695910551	0.9752745121802876
mp-kaa	0.956559511598268	0.588307451264588	0.9808729011652304
mp-bmmfa	0.9257719883353632	0.5522357579334061	0.969310569620118
mp-bmmth	0.815473330150924	0.765987437377844	0.989181829092276
mp-bmmuh	0.9830981656408572	0.571231490192873	0.9807076661884154
mp-bmmvr	0.831440721353447	0.6094109188284721	0.9678111981308584
mp-bmnev	0.998112530246468	0.637912053729727	0.9904697267679728
mp-bmnwa	0.7499999999999991	0.697684440839756	0.9722125264002192
mp-bmodh	0.882910010624918	0.723016722695714	0.9905313131138832
mp-kap	0.8203229532667801	0.7727589684015921	0.990096592208266
mp-bmohp	0.942371860484624	0.603392521131726	0.9818605907043232
mp-kaz	0.982962913144534	0.471613228185011	0.9531688125148914
mp-bmrvb	0.972872817306558	0.6992094097508671	0.9937287876478912
mp-bmshi	0.940898911374844	0.739899813102727	0.9946273202215592
mp-bmsmt	0.823927017282937	0.600454577955954	0.9641339873090496
mp-bmsqa	0.957620586310458	0.74077936714665	0.9953001959352596
mp-bmsub	0.982140281209406	0.8576471314877631	0.9989724655379244
mp-bmsud	0.9603205941314752	0.5994613421481491	0.983032432721875
mp-bmuzg	0.8215274852376151	0.603271150716014	0.9644094201366168
mp-bmxgg	0.983898550164432	0.774297710834085	0.9972874382743314
mp-bmxiw	0.907866985249513	0.550526440228088	0.9659280391621956
mp-bmxva	0.8747090671483541	0.610385569366101	0.9749263563524864
mp-bmxwd	0.999785077347612	0.8849179898811	0.9994761161700768
mp-bmxze	0.8014647708445121	0.713728442748915	0.982272555253592
mp-bmyob	0.795584444111171	0.7699781965644721	0.987869211651386
mp-bmyzv	0.7853567838422151	0.6827311146824151	0.9753271981384446
mp-bmzjv	0.932225168190472	0.659279485265653	0.9881784405597585
mp-bmzwo	0.933795961933412	0.563370591071238	0.9731886526564204
mp-bnapj	0.8275023082284411	0.708149356228795	0.984445415559925
mp-bnavj	0.9173278291889012	0.6782151156838521	0.9889791219362346
mp-bnbox	0.99209780398462	0.6770483692432371	0.9931946455000754
mp-bnbwk	0.9492438932495452	0.7269657042856821	0.994295662341745
mp-kei	0.980292658943355	0.8053985615301711	0.9980083589913716
mp-bnfvd	0.773197173367133	0.6096815085707981	0.955693495249835
mp-bngrt	0.887913106202259	0.5202469033952061	0.9521501450517308
mp-bnhmd	0.9904436475041892	0.524844485440591	0.971750729088292
mp-bnhti	0.991911282122916	0.770295901828374	0.997354870763972
mp-bnhwd	0.830262994193603	0.8492450874954771	0.995064809626506
mp-bnhye	0.7260616928455751	0.664829755283715	0.9598869864005896
mp-bnhzf	0.7951619746781471	0.849182608592129	0.9933616599333074
mp-bniil	0.937394442166726	0.557224968299414	0.9722711094904272
mp-bnnyw	0.703846541224399	0.74509543837528	0.972505116712252
mp-bnocr	0.866983494776673	0.7606319069023431	0.9922632489964448
mp-bnohj	0.871922564903512	0.601557170361938	0.9726809556131688
mp-bnoow	0.679672698002945	0.676896586126119	0.9508770932646794
mp-bnooy	0.8798627241896521	0.734959790425159	0.9912535079908316
mp-bnphh	0.8655577973649321	0.6287213655550411	0.9771621297686894
mp-bnphn	0.9662249876003072	0.8229073710575131	0.9981308444324528
mp-bnpho	0.778437808244093	0.651811469675841	0.9679322850311692
mp-bnpir	0.966602316316949	0.789008103875484	0.9973071122694837
mp-bnpis	0.8998423292435451	0.8411831236270141	0.9971227268976608
mp-bnplc	0.9004702104214831	0.609646116380785	0.9781923550729864
mp-bnpml	0.752715746358939	0.7561022650712661	0.9817762581725868
mp-bnpne	0.970440384477112	0.7418909077187461	0.9957832793625624
mp-bnpnw	0.8403604344794581	0.5564444409941071	0.9543495473660548
mp-bnpny	0.996122702979027	0.7548499212476011	0.9969861820520758
mp-bnpot	0.9903414984551172	0.637768408655986	0.989987975567569
mp-bnppc	0.9158801971034832	0.76685626963046	0.9949396003836578
mp-bnppz	0.9232824888530692	0.7215846437770891	0.9927788413969107
mp-bnpqa	0.971842761399184	0.556072187103074	0.9765473440925418
mp-bnpru	0.8634072327434511	0.719243772374458	0.9888208727232394
mp-bnpsr	0.9887448005034012	0.8767360290136331	0.9992868368316288
mp-bnpub	0.927410657319045	0.703578688457627	0.9917569195971324
mp-bnpug	0.908773562421236	0.7704233931123611	0.9948242543693068
mp-bnpum	0.907260363535254	0.774377813800978	0.9949477733735442
mp-bnpvc	0.752263811907509	0.7961307654252181	0.9862013716942284
mp-bnpvf	0.9541811295273652	0.533228139585302	0.9686927766967216
mp-bnpvz	0.6976124401021581	0.791617343261346	0.9787107962446544
mp-bnpxp	0.8509522331226741	0.6808192602113361	0.9834708118030194
mp-bnpyd	0.734427517361937	0.819392966655295	0.986577276833604
mp-bnpzs	0.7934688647713151	0.761091183025648	0.9868344044345734
mp-bnqad	0.8616041326576711	0.8190261709183241	0.995094425740688
mp-bnqbj	0.798112437482808	0.6816134886364871	0.9770420845066572
mp-bnqcd	0.955269702338992	0.8008367441311921	0.9973728247825248
mp-bnqea	0.867693930390508	0.729456868602771	0.9900215075706428
mp-bnqhu	0.8403604344794591	0.784076073397551	0.9922151796019636
mp-bnqhv	0.8039651488473031	0.631865512468448	0.9681422593095896
mp-bnqjo	0.965845613792774	0.7960285066169791	0.997483036528394
mp-bnqnm	0.798532628194597	0.7326970331606251	0.984297950740766
mp-bnqoh	0.962139885508852	0.8346021756620721	0.9982966284618696
mp-bnqol	0.7836344745633781	0.642685250863221	0.9668295020365468
mp-bnqom	0.8318325707162301	0.887686814549373	0.996495826815767
mp-bnqop	0.640500863532625	0.858839208810485	0.9783541420166204
mp-bnqpn	0.99013558731086	0.788799407929972	0.997807766988891
mp-bnqrn	0.830262994193602	0.92123878818115	0.9973626018841312
mp-bnqso	0.7793069949176471	0.75640402668353	0.9849238267340854
mp-bnqtc	0.668383301338194	0.707776606523823	0.9562587681479626
mp-bnqto	0.95129264217493	0.554442288754408	0.9735556882436842
mp-bnqtx	0.928763328096825	0.773894541641015	0.9957167536052388
mp-bnqvq	0.655504101639341	0.7249274374571101	0.9570948382450408
mp-bnqvt	0.590602881813568	0.8689961255977771	0.9697322130139984
mp-bnqxi	0.9330127018922192	0.723992014728513	0.9934074501828458
mp-bnqzk	0.8957184739826921	0.817169367665416	0.9962530769229624
mp-bnraf	0.7806084765308701	0.859850532041817	0.993096721011819
mp-bnrbe	0.849082709496736	0.7107058776551951	0.9868005434477736
mp-bnrbf	0.8505790964837701	0.8384345296867801	0.9954511171891536
mp-bnrbh	0.950840822543023	0.76670021986446	0.996150516182152
mp-bnrca	0.993512203198726	0.77795539169514	0.997600405072259
mp-bnrck	0.955916856826287	0.6225213935313321	0.9858301748471436
mp-bnrcz	0.6952048939408151	0.7788267117223661	0.9764821626576868
mp-bnrer	0.995514954670746	0.7896379642226711	0.9979318721182138
mp-bnrfb	0.990238811686472	0.564583831997128	0.9802692432045268
mp-bnrfw	0.987263436393288	0.763426470451219	0.9970401290774366
mp-bnrgp	0.945503262094184	0.690502581159192	0.991797848760632
mp-bnrgq	0.8902152036691641	0.606261693012748	0.9762439897231744
mp-bnrgx	0.59471909985784	0.8468195317573761	0.9669383996896216
mp-bnrla	0.8612423214266741	0.8393188082920081	0.9958806181351316
mp-bnrll	0.948552100198696	0.8195396683819751	0.997707246799028
mp-bnrlv	0.86484254182083	0.861674212002243	0.99673699056939
mp-bnrmq	0.9617391404288412	0.845755615018123	0.998498493476488
mp-bnrpv	0.9001564892428411	0.8221356150255411	0.9965571929658912
mp-bnrrk	0.7152555484041461	0.845342539474481	0.9869447106503448
mp-bnrxc	0.801882329663343	0.8167677544019261	0.9919085487713256
mp-bnrxv	0.574077316890469	0.8704352871157681	0.9658029153636344
mp-bnsaz	0.866983494776674	0.71784403762251	0.988965770885756
mp-bnsci	0.8911954052882941	0.6846043117186681	0.9876318933990468
mp-bnscr	0.904200511808726	0.686653882111647	0.9888350401736744
mp-bnsdy	0.8341760100838961	0.7071549285474831	0.9850047097940168
mp-bnsgu	0.9051231368282172	0.760553402721294	0.99418178229141
mp-bnshb	0.9263200821770452	0.663120576068842	0.9881355191047464
mp-bnsjq	0.8337863505233951	0.7181988003788911	0.9862063397274864
mp-bnsjw	0.84833221748924	0.8568119800425881	0.99604687648321
mp-bnskv	0.712415762802528	0.6619228465788131	0.9556711338579088
mp-bnsle	0.950614170999706	0.9006460530071281	0.9991558014954346
mp-bnsmb	0.924670200131658	0.846695028984332	0.9978428047486332
mp-bnsmq	0.7138367108443411	0.684369719219689	0.9619233907457472
mp-bnsne	0.903273897493366	0.740368247353805	0.9929446467335612
mp-bnsno	0.960524759782044	0.7726351832171701	0.9966450942161184
mp-bnsqi	0.6455180834141361	0.848177570417566	0.977822798251248
mp-bnsum	0.940651726032496	0.8294325315519441	0.9977777955926096
mp-bnsus	0.77756740020609	0.649298565335894	0.967191892928242
mp-bnsvf	0.935606905560094	0.5885712658197271	0.9785881731023784
mp-bnsvn	0.9965649316309172	0.5035800262489101	0.9667766753258126
mp-bnswg	0.9864283571109352	0.747383993214709	0.9964774839027476
mp-bnsyl	0.976648078361078	0.682114333423509	0.9928086713523208
mp-bnszt	0.69857394531739	0.714247755401309	0.965339943119122
mp-bntae	0.926320082177046	0.7088819535445811	0.9920791127079512
mp-bntav	0.939408556330982	0.556651215991807	0.9724219774469032
mp-bntbx	0.8852566213878941	0.780693765475246	0.9943304935032112
mp-bntdk	0.9087735624212352	0.6340605031120611	0.983047868092506
mp-bntdl	0.9617391404288412	0.8193877128706281	0.9979704065812908
mp-bnteu	0.9664139076986472	0.559279445826369	0.9765542516700172
mp-bntfi	0.9947880593013252	0.8649814330842781	0.9992122336997136
mp-bntgp	0.8998423292435451	0.7046837592613601	0.9901495780125398
mp-bntil	0.968274943374096	0.7236838057144971	0.9948781372258282
mp-bntmn	0.87505553481523	0.6065819961385861	0.9742043037294422
mp-bntnj	0.8995277307681091	0.6793030633404891	0.9877471996191174
mp-bnuiv	0.6757574402790251	0.703053766034597	0.957042365701198
mp-bnumv	0.944787938189168	0.814997508507858	0.9975106675448032
mp-bnurl	0.971145706284759	0.7269611168700431	0.9951425274659904
mp-bnuvz	0.994246943404341	0.7369191043087471	0.9963093476715932
mp-bnuxy	0.9986572386122292	0.656779416735021	0.9920724707800832
mp-boajx	0.7490925526697451	0.8955479394772721	0.9930838708172364
mp-boakf	0.8093413367405491	0.769182650471248	0.9889616542776176
mp-boaly	0.706711146608417	0.666691505278561	0.9555065520477044
mp-boanu	0.9870275120854052	0.724230762313933	0.9955647917774578
mp-boaqd	0.950614170999706	0.94020655525984	0.9995586589292016
mp-boaqf	0.772319517507512	0.862253745811635	0.9927334073453538
mp-boaqo	0.549138837859889	0.8414241573496151	0.9520481718368036
mp-boast	0.6864938912879031	0.8184637118691861	0.9805377329313784
mp-boasu	0.851697351405251	0.7861152636275961	0.992981222076624
mp-boasx	0.989504957691264	0.5940845280199241	0.9848857525285432
mp-bobsu	0.969186216888132	0.553991627672311	0.9757810893044956
mp-bobtk	0.953522007145732	0.684694487631577	0.9918033617760564
mp-bocir	0.767913397489497	0.660488461778839	0.9678631296375284
mp-bocxb	0.953961919811414	0.7568292512318271	0.9958634996757189
mp-bodlc	0.885923284779017	0.5893926125627811	0.9721174447611644
mp-bodll	0.907563897864277	0.632968932933996	0.9827679524979458
mp-bodns	0.9384053453652992	0.7573652346427471	0.9953554867964504
mp-boeuo	0.7563212035869421	0.749368890035469	0.9813717800233488
mp-boeur	0.7887863517111331	0.723148669310256	0.9819985081867586
mp-boeux	0.9814402132792932	0.7057578319708361	0.9944567043835416
mp-boewu	0.8337863505233951	0.599163797943788	0.9656833520018008
mp-boeys	0.798112437482808	0.7586543256619871	0.9870306647978055
mp-bofet	0.9309031361273772	0.712910111375853	0.9926002573053968
mp-bofgj	0.891846728662919	0.587347455114838	0.9725481614299546
mp-bofhg	0.971320745546089	0.8122695053788701	0.9979938808692752
mp-bofhp	0.8921717459667041	0.7255052909530091	0.9913108149832046
mp-bofhs	0.90847181785963	0.736815579696911	0.9929895098762734
mp-bofsy	0.941145613217476	0.813388166014243	0.9973843548819068
mp-bofsz	0.881559844125098	0.79778131227614	0.9949783649343834
mp-bofvk	0.8895595957318271	0.867661976035871	0.9975547390534456
mp-bofvn	0.7162002607045831	0.7940665278897271	0.981715167628026
mp-bofvr	0.96508073757047	0.7435615414716461	0.9956782804038864
mp-bofwr	0.8472036155919761	0.9445241381045132	0.998236588211872
mp-bofxx	0.977587541171798	0.759906357031451	0.9966764402574392
mp-bofyq	0.92604626886219	0.8263356800050171	0.9973734858557504
mp-bogaj	0.925497240897346	0.6085127162996671	0.9809000458621804
mp-bogcw	0.6884355052060811	0.6778733485118471	0.9536828074210276
mp-bogfy	0.825121993675014	0.727750929041577	0.986414852441794
mp-boggy	0.964307701070508	0.734807866233529	0.99526476040001
mp-bogin	0.9625386034172292	0.632253362170601	0.9875199553547988
mp-bogjd	0.927410657319045	0.5300334704164811	0.9633612143799524
mp-bogln	0.8835825759076491	0.8485888824539871	0.9968927823540262
mp-boglo	0.9786597487660332	0.5115060205962101	0.9663509289146172
mp-bognj	0.97270243663632	0.5863541840552521	0.9821931898093564
mp-bogod	0.679672698002945	0.720993428584166	0.9624407224632492
mp-bogrc	0.843036175878161	0.7028775471710531	0.985378333098052
mp-bogrf	0.964307701070508	0.7119087467293971	0.9940986948195872
mp-bogyh	0.7385793801298041	0.86076310870003	0.9902807828459784
mp-bogym	0.956559511598267	0.58900290673332	0.9809899019070256
mp-bogyy	0.994937781738658	0.480652022092364	0.9589245328460986
mp-bohcq	0.8791809576443601	0.6683808710450351	0.9847219062052672
mp-bohea	0.953742212270558	0.627001667106575	0.9862091287040096
mp-bohep	0.9842915805643152	0.7793109509435501	0.997438236424482
mp-bohhe	0.9096761051629272	0.8293950982248011	0.997046992273664
mp-bohhg	0.810984060707682	0.8679279810384911	0.9950055025425432
mp-bohhh	0.98749722332535	0.586038084927181	0.9835420649661996
mp-bohhw	0.9257719883353632	0.867602893325043	0.9982967593816569
mp-bohib	0.9129507682357392	0.7551482189935741	0.994242934033136
mp-bohkd	0.8043807145043581	0.8116765836715181	0.9917460404581252
mp-boitx	0.971320745546089	0.8083553997233711	0.9979046150098528
mp-bozgc	0.8502055753919031	0.5995620182094981	0.96872548275455
mp-bozmk	0.92439358806694	0.5907404026768931	0.9776470049162752
mp-bozsw	0.882910010624918	0.7657398571702271	0.9934241916967852
mp-bozwd	0.642509631234988	0.8444480068187631	0.9767890682160304
mp-bozyg	0.8852566213878951	0.6675039745130581	0.9851884505961214
mp-bpabb	0.778872554489845	0.7842788962800741	0.9876685872658432
mp-bpadq	0.918477699049369	0.6453472933359301	0.9854729609404448
mp-bpaet	0.781907188651713	0.734741366797233	0.9826666566983682
mp-bpaft	0.855031245528962	0.674441367078337	0.9830588132321796
mp-bpaif	0.956559511598267	0.613314996863498	0.984675341782603
mp-bpait	0.8705195129341671	0.7926725261207661	0.9942662128008146
mp-bpajl	0.8337863505233951	0.8882054804984161	0.9965746159885124
mp-bpajy	0.7504533126803551	0.798140657996219	0.9862105049007917
mp-bpalt	0.6742860236609071	0.7272778653769091	0.962563652822405
mp-bpaxy	0.931961708596417	0.797191971871497	0.9966663515189552
mp-bpayj	0.981861839145004	0.783329414922543	0.9974947097467664
mp-bpayp	0.951742482216517	0.668399226457702	0.9903775495797962
mp-bpazc	0.963526517856538	0.7654625432924741	0.9964807267943986
mp-bpbaj	0.8885729807284851	0.7084394942352971	0.9897011435218668
mp-bpbbg	0.941882815044346	0.715562457815843	0.9933136317292368
mp-bpbet	0.8472036155919791	0.563990313794843	0.9583296520950858
mp-bpbli	0.7128896457825361	0.7022246980160131	0.965854088283054
mp-bpbpe	0.7879308504927031	0.718724265800183	0.981300386971851
mp-bpbqe	0.7634778977483381	0.717097380350179	0.9777443427919223
mp-bpbqt	0.92659342797966	0.752936282669011	0.9947009981931416
mp-bpbry	0.951066979684101	0.8623737784945821	0.9986192850391814
mp-bpbwl	0.7603558273349981	0.811390988681239	0.9883621304561324
mp-bpbwm	0.808517937570374	0.74673528571614	0.9868188810455604
mp-bpbzo	0.9123594379300952	0.88003557031177	0.9982900312296938
mp-bpcks	0.914127992048802	0.649668547467671	0.9856224245598876
mp-bpcln	0.931433368600812	0.768481355937469	0.9955858853077866
mp-bpcly	0.620791591882495	0.753159242499412	0.9541108019121102
mp-bpcne	0.8771256903680511	0.846515470343367	0.996642518629658
mp-bpcnj	0.6525152594043381	0.789398979008688	0.9701055122528256
mp-bpcnk	0.955269702338992	0.581121165039395	0.9794796572256416
mp-bpcpy	0.954618054523534	0.787489134863748	0.9969683331172564
mp-bpctf	0.935606905560094	0.6581209740971841	0.9883086202153836
mp-bpctx	0.908773562421236	0.7976333501367471	0.9959711528579772
mp-bpcvv	0.899212694161531	0.53602807234837	0.9600049788388564
mp-bpdim	0.8626871855061431	0.7329468219762191	0.9899579193578016
mp-bpdin	0.950159385701096	0.777389140554365	0.9965169302514104
mp-bpdjn	0.970794077947515	0.7763007855985791	0.9970328342962934
mp-bpdkg	0.709567591390306	0.7291530535200791	0.970676762285268
mp-bpdmx	0.774073630850293	0.7933471402865401	0.988042735254443
mp-bpdpp	0.9135402871372792	0.8014055105650141	0.9962625521980316
mp-bpdsi	0.9199047085146412	0.7404397795213711	0.9937560743671416
mp-bpegh	0.8869201048632531	0.821855838186138	0.996132280695006
mp-bpgpa	0.979260894508687	0.654583868810104	0.99083677364236
mp-bpgpz	0.7260616928455751	0.6585454646780481	0.9582135300782498
mp-bphgv	0.819115259837717	0.8229286986711271	0.9932832200961348
mp-bphia	0.92439358806694	0.6266626158249741	0.9835426928729104
mp-bphwq	0.8472036155919781	0.811917864374708	0.99413768590565
mp-bpicw	0.8211263265882921	0.769240089756249	0.989880113651954
mp-bpidj	0.669861511184297	0.7219899484785061	0.9602158201162944
mp-bpihu	0.98442152871839	0.6946190673592001	0.9939510346477596
mp-bpitz	0.9120630943110072	0.808930157902881	0.9964768585588988
mp-bpiws	0.7758229353142141	0.7774394762442971	0.9867401862862162
mp-bpiyn	0.945026867604526	0.7654095642278991	0.995917116093148
mp-bpjce	0.933012701892218	0.773630770561699	0.9958490537055852
mp-bpjds	0.8043807145043591	0.6844458738818731	0.9783874078667684
mp-bpjec	0.95866911512311	0.7765445656294071	0.996725311489807
mp-bpjgc	0.918477699049369	0.728505704992739	0.9929765353233084
mp-cgivm	0.7385793801298041	0.9472006101730792	0.9948096942749928
mp-bjlf	0.7504533126803541	0.8591155464555821	0.991080544187865
mp-bfuxq	0.939658155095278	0.8411918994916251	0.9980223775174412
mp-bxxq	0.7128896457825361	0.705301004226166	0.9665249579572204
mp-bxfte	0.8583336037246161	0.964098236833426	0.9987444960672816
mp-beea	0.9381533400219312	0.923918725551294	0.9992832888785786
mp-bill	0.6212996153977031	0.756591469204956	0.955132438536697
mp-mcr	0.723255088471764	0.8482276113528591	0.9879896049529736
mp-clgcl	0.731183875520496	0.8314083802664831	0.9873336429900916
mp-brbho	0.8931442160683091	0.7722109588669771	0.9942524048076978
mp-chouq	0.8407438063507601	0.6828237102371111	0.9826340671602948
mp-bigma	0.8399766893612091	0.684652292018548	0.9827956318495528
mp-gqc	0.9401559059334592	0.7626914993062831	0.9956448986992844
mp-bfwph	0.6505193455979601	0.8241619171008031	0.975355381374062
mp-cehyr	0.858698572981589	0.8462981563172911	0.9960409470449
mp-bmmac	0.8995277307681091	0.7914375262063861	0.9954002783019804
mp-cdkug	0.6634440148274721	0.7876666670412681	0.9720667724205084
mp-bilz	0.7549712517076831	0.963236624467536	0.9960828926983526
mp-clgdv	0.8862559818389321	0.9112424302606992	0.9983838610149032
mp-bqwql	0.772319517507513	0.7566782371570061	0.9841911661722536
mp-bpic	0.982962913144534	0.7741587913030791	0.9972617154547028
mp-dedat	0.7599086713103551	0.7233397502295471	0.9781860295919682
mp-cppoz	0.658486804838676	0.791228156892372	0.9716717631016182
mp-chmof	0.6060035549610271	0.772533553029616	0.9543937347868814
mp-bkpod	0.9353496301545532	0.914250534498116	0.9991423518513876
mp-bfqft	0.760802697847553	0.7701237376602661	0.9844130604413064
mp-bopx	0.7162002607045831	0.7973983483823011	0.9821167128451728
mp-uqm	0.842273552964344	0.8526352590324061	0.9956769422755954
mp-bqyzq	0.562666616782152	0.845052353361156	0.9574483223575144
mp-clhir	0.9123594379300952	0.804188408965939	0.9963236089630724
mp-clhwe	0.812621328167852	0.8490918728494841	0.9942603942474556
mp-byxu	0.8698155474893041	0.900721297002765	0.9978544167670994
mp-bgmqc	0.79049355012623	0.71983753991577	0.9817670120251104
mp-cprqf	0.9838985501644332	0.854820080018298	0.9989544065226992
mp-ckxmg	0.9677220154149332	0.5233113036068381	0.9680472896488692
mp-clgwu	0.906651955377792	0.792349772189561	0.9956942803464076
mp-bmort	0.7964284100805291	0.64600533855239	0.9699520163962798
mp-clgds	0.8243256985554611	0.828782164752161	0.993859339185904
mp-bbtx	0.8513249848994221	0.92366480448007	0.9979252792087993
mp-cphfx	0.842273552964343	0.8578220514305761	0.9958662432349096
mp-bxbch	0.943101789615606	0.9044576930039332	0.999114891746475
mp-ckxhl	0.8608801140491801	0.752613951964433	0.9913497392384109
mp-cljlr	0.7879308504927031	0.8423413875505721	0.9925697962480188
mp-lwz	0.921883173071227	0.9363039467232892	0.999241059371248
mp-mou	0.6116250580054751	0.8143762211406661	0.9651835292851038
mp-ddffc	0.8203229532667801	0.6133219748406991	0.96673695027979
mp-cjkhk	0.982278709228898	0.908060404980318	0.9995432023529324
mp-nnr	0.731183875520496	0.913082165520982	0.9928716047994568
mp-cdlmx	0.693275000657242	0.7112029261279621	0.9634450027440444
mp-bieu	0.9842915805643152	0.8604686993388391	0.999037219156277
mp-bfobg	0.6826008809457931	0.826126820361742	0.9809081018543334
mp-cpqzu	0.808517937570374	0.734134995653349	0.985497278626595
mp-clgxc	0.96508073757047	0.8278554307874011	0.9982129839225212
mp-crims	0.8255196066488071	0.7379559945713351	0.9874834522467834
mp-kkz	0.9815812833988292	0.9358735300746892	0.999759656741811
mp-cqqoh	0.8195181748520801	0.9461153413324972	0.9976545400918784
mp-clgzu	0.813845680645349	0.8248018527196531	0.9930957193478496
mp-brfd	0.696168558301781	0.8148220484410551	0.9814794641912776
mp-bqfa	0.8715724127386961	0.9736710928805392	0.9990589003171844
mp-bftpv	0.971842761399184	0.925322639043688	0.999607300936723
mp-ckuss	0.9343157572190952	0.762909193345993	0.995450878102845
mp-bfodp	0.7892136275203381	0.587031003628188	0.9524199755472345
mp-bghhu	0.8778124377320611	0.8347526433422741	0.9962820991648776
mp-quz	0.5673389947485751	0.8577242115143551	0.9615099833858484
mp-clkid	0.793044781571802	0.724269827815036	0.982651066445031
mp-bmldi	0.7330389174609521	0.897601298754732	0.992164334967193
mp-boli	0.983633876387938	0.7076754958428291	0.994643895179974
mp-dbvop	0.93063731093798	0.5795967691902371	0.9762490354433884
mp-dclbe	0.603955845408879	0.7711458934276301	0.9533993477835676
mp-ccp	0.816285080956562	0.7348686324065911	0.9863316362168244
mp-dddnb	0.8158793787539771	0.695743928145204	0.9815468697321068
mp-vdc	0.9671644712283052	0.662885722494668	0.990836332835618
mp-vdj	0.9870275120854052	0.522198520913114	0.9705913047388856
mp-veq	0.938405345365298	0.682983438483525	0.990795667345478
mp-vgc	0.844556904193674	0.771395451045618	0.9916375694513576
mp-vgd	0.7616955803765241	0.8009661623406971	0.987581475105286
mp-vim	0.8215274852376151	0.667179134918585	0.9779118707039062
mp-vuf	0.8666276731112791	0.662588934230099	0.9826812287652112
mp-vzz	0.75406988492953	0.747529596357116	0.9808334144923864
mp-whr	0.72325508847176	0.7324724725600851	0.973808878934174
mp-wqy	0.790067227195924	0.7251753633172151	0.9824161848789322
mp-wrv	0.97585081680099	0.563431086246592	0.9784918380692854
mp-xmf	0.906651955377792	0.6991281780817731	0.9901317595372264
mp-xym	0.7413355379962231	0.792955837219644	0.984696011100646
mp-ysh	0.978203377338643	0.7430090599883601	0.9960722464250696
mp-yvc	0.934574940583592	0.567412373473363	0.974199583293094
mp-yvz	0.9457407266460592	0.7878081265084521	0.996742946539755
mp-yxj	0.9045084971874732	0.668993808552046	0.9870480759539794
mp-yxm	0.6952048939408151	0.680127684143502	0.956160789514197
mp-yyi	0.8259168626504391	0.682468079444118	0.980863257450601
mp-yzi	0.917615983920083	0.697692007822301	0.9907187561916342
mp-yzn	0.843797294067484	0.6796332580542741	0.982538775328167
mp-zad	0.8158793787539781	0.795494466087266	0.9914322918653176
mp-zah	0.999977793554474	0.945165487194736	0.9999296550865108
mp-zaq	0.734427517361935	0.7902335360708661	0.9835900285645665
mp-zcj	0.7133632953029451	0.7588006254248391	0.9764410402720622
mp-zcm	0.6673969039422021	0.7442440313526041	0.9646451243242486
mp-zcr	0.7495464131639931	0.7805248401606181	0.9842867477288962
mp-zel	0.940898911374844	0.644210438582423	0.9872081872757934
mp-ckuim	0.6644333233692911	0.7268699839231071	0.9599771645474812
mp-ckuyj	0.755421515932929	0.635311053550176	0.9589092892964842
mp-ckwep	0.574595096626758	0.799693637193949	0.9508228037385617
mp-ckwtn	0.665421910626108	0.772656757944666	0.9698274495116004
mp-rfd	0.6060035549610271	0.7839985863463761	0.9571531591015314
mp-rfy	0.817095444381096	0.7739257560442161	0.98994935317066
mp-cpbgd	0.975528258147577	0.611964897040927	0.9861046044101012
mp-cpbnf	0.950159385701096	0.8272486137811981	0.997920997739875
mp-cpcth	0.6095825496213111	0.765026461213097	0.9536378923121273
mp-cpdds	0.8227288438619751	0.784391843672365	0.9911237371649848
mp-cpdea	0.692791996138697	0.783818304908347	0.976823519570345
mp-cpdzl	0.8494573814881421	0.7216060811653651	0.9879322068348052
mp-cpdzy	0.8973132931483051	0.5380421815176281	0.960280492705956
mp-cpepf	0.7152555484041471	0.736871976834344	0.9731521173528468
mp-cpffd	0.770120160238827	0.7463161394262671	0.9827048706341822
mp-cpfji	0.882573097937388	0.8847284454946871	0.997789204969582
mp-cpfng	0.88054282447119	0.7640416271418591	0.9932071305223276
mp-cpfqi	0.9515178097680432	0.549071192681158	0.9723298986983656
mp-cpftz	0.896995199323918	0.8055438259853601	0.9958725891026228
mp-cpfvt	0.884588268072746	0.62439209635366	0.9788310484635866
mp-cpgcc	0.991817211979228	0.799870555200843	0.9980964216816962
mp-cpggf	0.9155893012230072	0.654194701927959	0.9862924749515356
mp-cpgkd	0.784496253172673	0.7522410228824671	0.985017292367902
mp-cpgur	0.851697351405252	0.7144377625939721	0.987412323828728
mp-cpgvx	0.8934675109806691	0.8259357718441631	0.996479570089417
mp-cpgzl	0.98896466991536	0.8026520526513411	0.9981061838241462
mp-cphek	0.9891823944890572	0.7399418151153491	0.9962788353684996
mp-cpheo	0.985567139954817	0.918282689425957	0.9996558094021112
mp-cphew	0.991241468673696	0.6990791335932921	0.9944784531493848
mp-bwar	0.969547126047354	0.527853717353711	0.9695624796391648
mp-cqbcd	0.959910748660868	0.6442268808825491	0.9886215130656574
mp-cqbcq	0.7862160627972961	0.6864300032210131	0.9761046235115838
mp-cqbuz	0.8349542293830851	0.642630117867246	0.9754668392542264
mp-cqcdb	0.8608801140491801	0.7812131302593021	0.9931857006344944
mp-cqckm	0.843036175878161	0.787589540851324	0.9925886476724666
mp-cqcxw	0.9625386034172292	0.7624370977510591	0.9963433530093464
mp-cqczr	0.9631328755095332	0.560793436740736	0.976467022144969
mp-cqdhg	0.9241165106026192	0.7243241405867371	0.9929960344570866
mp-cqdiv	0.9601159236829352	0.7412486063932101	0.9954090743703888
mp-cqdlm	0.816690436313775	0.702390098596362	0.982543833494864
mp-cqdrn	0.905429790416186	0.8057558825093971	0.99616050231133
mp-cqeay	0.8215274852376141	0.599874822079768	0.9635058311035588
mp-cqemk	0.8869201048632531	0.8586958127318041	0.9972634856313948
mp-cqezm	0.8934675109806681	0.6494459573811701	0.9836537097339244
mp-cqfbk	0.8142531103936671	0.728572801919509	0.9854563472476298
mp-cqfes	0.8223287443137951	0.648172026369628	0.9746401600180252
mp-cqfrv	0.8146601955249181	0.653587183740171	0.9745008075997802
mp-cpdwx	0.986908748738564	0.881728244628583	0.9993240228900848
mp-cpntb	0.5895728224417911	0.8558367323743341	0.967242012377078
mp-cqpzc	0.8399766893612081	0.915826971034626	0.9974863582871384
mp-bfsol	0.922444289476239	0.7718933114041071	0.9954114691401938
mp-bpfw	0.901720700056064	0.712591272130861	0.990914469550685
mp-ckwar	0.901096334941153	0.576043768171404	0.971357179865502
mp-cpobt	0.860517510922394	0.7964829921794481	0.9939943319346916
mp-crigp	0.7853567838422131	0.931683125004627	0.9962507807310116
mp-clfon	0.9464501864065732	0.8298249245822461	0.9979054229873824
mp-cqqwt	0.92849373314027	0.8927814370145021	0.998765097703343
mp-gav	0.8118033782988491	0.9116392707395512	0.9965597676479062
mp-bpfsg	0.941145613217476	0.8350902747105371	0.997917864807198
mp-ogm	0.9603205941314752	0.8717883402750051	0.9988953976836168
mp-ccpv	0.9563457937017512	0.7634391191131351	0.9961958600986102
mp-bgoyr	0.8052108439908011	0.860300933467208	0.9944154550873516
mp-crpfc	0.9890738003669032	0.8505200836479181	0.9989574734234756
mp-btum	0.7705606260634391	0.8540139189748751	0.9921549050167604
mp-bmjhe	0.8872515300993651	0.795094413800783	0.9950871406727456
mp-biutd	0.6908578691641091	0.8607313772049291	0.9856742843173556
mp-beup	0.744082168348834	0.710646776380872	0.9735742786051476
mp-mzm	0.923560960691068	0.8099722881605781	0.996839819932696
mp-borpj	0.9350918773347632	0.545359808929201	0.9689748067802316
mp-ckxcs	0.9951582944934212	0.497619763765285	0.9647260321922506
mp-oqe	0.7500000000000001	0.6985589511630741	0.9723781391394536
mp-ckybq	0.843797294067482	0.567042295199932	0.958562819203811
mp-bgqmh	0.707664207178054	0.659015879458243	0.9535631468626574
mp-bgjaq	0.898264959012097	0.643386649444295	0.9833024471498404
mp-bfyxd	0.857602486741145	0.8346256706426061	0.995571112512292
mp-clhlj	0.799791234222823	0.8073255181807191	0.9911522729520568
mp-chjz	0.603955845408877	0.785498140172818	0.956888184478624
mp-crqkc	0.8076931850895851	0.904314194986613	0.9961940273960688
mp-bfaxz	0.972015732070525	0.8274995146092751	0.9983251889531508
mp-bqvjc	0.957409374114055	0.487227896094845	0.9542723393890048
mp-cljuq	0.6233303736906171	0.891080188143442	0.9794363795486346
mp-bfyeq	0.987613314954611	0.7977007264386541	0.9979704793910068
mp-bgksk	0.586480304947101	0.893304628083978	0.972571414232044
mp-ont	0.7612492823579731	0.890052085487083	0.9935207111737376
mp-clfmv	0.881221255505724	0.846138122996066	0.9967521171970288
mp-bkzmc	0.909676105162926	0.748791641175468	0.9937532495287784
mp-cqpyd	0.9330127018922192	0.7232058759702791	0.9933599930507344
mp-srm	0.9327506651265092	0.8150290110105871	0.9972275636614936
mp-bngpp	0.972015732070525	0.8872710859321431	0.9992339265468692
mp-bnuhh	0.9332742638064092	0.7504842352394131	0.9948466091062236
mp-cktwy	0.8687565586790861	0.7660846825444021	0.9927073533912428
mp-cehvp	0.9543998411780192	0.8312013103204811	0.9980889692100174
mp-cjmsl	0.634459910307633	0.847026895705379	0.9756707443805386
mp-bceu	0.692791996138698	0.788271030973508	0.9774734817564548
mp-mqj	0.994863191859074	0.8132768702976121	0.998422571923001
mp-bphmu	0.950614170999706	0.6519824911803801	0.9887602672109824
mp-clgbx	0.9621398855088532	0.8181541588959831	0.9979503996956088
mp-bfyoc	0.7832031184624161	0.761824498629695	0.9859064660931548
mp-cevkb	0.7152555484041481	0.8278393728766651	0.98530931772686
mp-moy	0.673304122722417	0.765971747750504	0.9702532868982212
mp-cjjnn	0.66096761633733	0.769696331827156	0.9683116146394192
mp-cppbp	0.857602486741146	0.6546049890168381	0.9804906161757944
mp-cppdw	0.8712218530991721	0.719999455266883	0.9894710831160716
mp-cprvx	0.8290820074713371	0.6116039795628091	0.9679172851986816
mp-cpsob	0.9613363699350572	0.5633619536512701	0.976776178607611
mp-cpspc	0.747274384069129	0.7132399298520911	0.9745721722550156
mp-cpspk	0.947155239883986	0.80304871975502	0.9972421387156384
mp-cpsqf	0.700973888327979	0.683266703680768	0.958500407396642
mp-cpssa	0.6415055577401091	0.7700502047731941	0.9637994141559444
mp-cpsxc	0.675267160095629	0.7432072421301861	0.9662522973647508
mp-cpsym	0.695686833418601	0.7355681531640941	0.9691313969303011
mp-cpszn	0.901096334941152	0.720987674023839	0.9915138974237648
mp-cptac	0.9795583146278052	0.84311521593084	0.9987194214569954
mp-cptca	0.7976919198541771	0.7054932753106401	0.9806834189619252
mp-cptcf	0.8134379067267631	0.790995229330123	0.9909577971908972
mp-cptdd	0.788358759212286	0.7257861358685691	0.9822914804500852
mp-cptdm	0.941391831289853	0.895865655157508	0.998983997426952
mp-cptdn	0.6540104405322751	0.7359445769695161	0.9593924095498284
mp-cptdu	0.817904416869872	0.774944740967063	0.990088485538368
mp-cpted	0.9851900569163512	0.8240943599421371	0.9984738079791612
mp-cptev	0.696168558301781	0.741686312273464	0.9704008307481018
mp-cptfa	0.633955525933239	0.758215866660313	0.9591872815330376
mp-cptfc	0.8298696935515131	0.8151722217181331	0.9934405887006268
mp-cptfv	0.717144024644902	0.7784356346256971	0.9798507702150732
mp-cptfz	0.8626871855061441	0.8403203710746201	0.995967718041986
mp-cptgg	0.5709689524201721	0.8038834632469201	0.9506134276378202
mp-cptha	0.970617489257203	0.7482249658320571	0.9960460784395512
mp-cpthv	0.94163756532197	0.5159266349535511	0.9614678357151089
mp-cptid	0.96372257666733	0.5136942138246631	0.9645929744413744
mp-cptkq	0.990946323055912	0.7065757476471171	0.9948615476031922
mp-cptks	0.933795961933412	0.5870693915132731	0.9780946192970668
mp-cptle	0.95698544513703	0.8708267982910781	0.9988368533837
mp-cptmd	0.8392080810675691	0.8211433295107231	0.9942093382893972
mp-cptmn	0.852069332231811	0.8515322888616381	0.9959935921655172
mp-cptnd	0.746363670774145	0.636657227373116	0.9571142058437064
mp-cptnv	0.8565028711085261	0.7435921665193881	0.9903848028016362
mp-cptnz	0.9014087375955572	0.775044495845926	0.9947434345965868
mp-cptoa	0.8531829565587751	0.619877795079661	0.9737107227145742
mp-cptoy	0.997315405995716	0.6480394094566001	0.9913044860907244
mp-cptpl	0.9350918773347612	0.8804710038377831	0.9986722653752343
mp-cptqg	0.7504533126803541	0.690909271862522	0.9709799527959152
mp-cptqm	0.887913106202259	0.8095238499653601	0.9957081931385976
mp-cptrs	0.844936142691579	0.7439104578570931	0.9895856012238922
mp-cptru	0.7081403961302001	0.671029864623586	0.9570790241202712
mp-cptrw	0.6420076723519611	0.7262808743285301	0.9535462782189374
mp-cptsc	0.547054156659257	0.8372890750464901	0.950300421255698
mp-cpttf	0.873667200183143	0.7794604048863271	0.993731025993944
mp-cpttl	0.8494573814881421	0.834665377990904	0.9952560407599836
mp-cptua	0.6485207907885171	0.749229932241885	0.9610388867728132
mp-cptyl	0.8509522331226741	0.8209780409428701	0.9947330687057768
mp-cptyu	0.9631328755095332	0.7108566228820561	0.9939894224483096
mp-cpucl	0.8976309512699521	0.6398035158720841	0.982731154546942
mp-cpuea	0.9613363699350572	0.596673168732578	0.9827051155652688
mp-cpueo	0.7806084765308681	0.709011548715843	0.978941901209616
mp-cpuey	0.7138367108443411	0.7020670111004921	0.9660244107684394
mp-cpugw	0.981013835793043	0.8298735427766021	0.998514489102392
mp-cpuhk	0.983232888360808	0.7326076118512981	0.9958041499632664
mp-cpuhz	0.706711146608414	0.769854018793036	0.9770357977640284
mp-cpuij	0.724191608045016	0.803392575815659	0.9838137645307876
mp-cpuin	0.6525152594043381	0.7481845249618501	0.9618374380469304
mp-cpukf	0.9069563825953092	0.725336838490313	0.992159345065321
mp-cpuko	0.9808706547746052	0.5691460421503151	0.9801049516377134
mp-cpulk	0.671829847292808	0.7959772218390551	0.975012826168142
mp-cpunl	0.855031245528962	0.7529466840770641	0.9909988809278254
mp-cpupc	0.8872515300993671	0.748773324932346	0.992629032423073
mp-cputd	0.7976919198541771	0.670483387387351	0.9750322836105416
mp-cputv	0.9445485210093012	0.6293058996908121	0.9857277762772216
mp-cpuub	0.8052108439908011	0.748347331094218	0.986671976626176
mp-cpuue	0.7394991513223801	0.866862605447225	0.9907635067415422
mp-cprng	0.8372800580195471	0.7437247635867971	0.9889877122973872
mp-clgnj	0.734427517361937	0.82760107163588	0.9873201131575616
mp-cljue	0.8047959463706451	0.8055479339554311	0.9913717718039892
mp-clgwy	0.983367081156648	0.781189153285424	0.997469472241559
mp-bpkl	0.8953982068865761	0.875806518175529	0.9978720938873232
mp-ckvut	0.9126553293464992	0.5788879820414431	0.9736896461251386
mp-cljpn	0.8203229532667811	0.845554780314925	0.9944639812304727
mp-bfpyv	0.8818980143173211	0.537471360715122	0.9569901708125064
mp-bfrgn	0.8957184739826921	0.8536155886407081	0.997352174335901
mp-ckwxp	0.921883173071227	0.722600683661	0.9927729732637212
mp-bdbiz	0.993342972103934	0.8317100200321721	0.9987262034634096
mp-lwh	0.83997668936121	0.8627277887004541	0.9959568141992456
mp-brqd	0.945265308993357	0.822523576785484	0.9977099530689092
mp-bnrgi	0.8597911190119311	0.875314896897412	0.9969836784003464
mp-ceqft	0.7814745931245921	0.8096654687265251	0.9899829300491836
mp-bhzq	0.846826652906402	0.8458773949919091	0.9955948856239432
mp-cjhgo	0.703846541224402	0.981837842616419	0.9943685001135338
mp-chhzj	0.9020322219805672	0.6388998094803481	0.9830537470857826
mp-ckvlh	0.79049355012623	0.582130815533343	0.9510887890976496
mp-bctaz	0.956131575366119	0.7211870668675681	0.9942697439089784
mp-cnhop	0.7509063507079441	0.777740619584211	0.9841346365091224
mp-cljlp	0.797271075769856	0.8282368963534991	0.9923201185680658
mp-xda	0.913834366503104	0.809299917284781	0.9965418736252156
mp-clfes	0.9798536311695332	0.745315571105849	0.9962116093882868
mp-wdb	0.692308780200091	0.8353551376748031	0.9833003060819951
mp-ckwob	0.8950775061878461	0.7569020436686941	0.9935183135253924
mp-bfycv	0.7057571793025551	0.8773019313425521	0.9886334109330972
mp-bdfa	0.8934675109806691	0.893358252103274	0.998190878281357
mp-bpfs	0.8175001047143811	0.930756784098162	0.9972474214625764
mp-bxfsx	0.6044679452012051	0.845734264043956	0.9691292276382824
mp-bkpez	0.8395925714168351	0.842352100746323	0.9951697874153445
mp-cjfut	0.7687969873794681	0.601987450653756	0.9521656014104752
mp-bgjlo	0.740417871954506	0.6999558343713981	0.9709129643030138
mp-mmf	0.7417939742875801	0.7921030549375571	0.9846572652301364
mp-clhjp	0.7603558273349981	0.804580972850631	0.9877769687365998
mp-cqqtt	0.996441302284906	0.809633788372844	0.9983773350080688
mp-brnn	0.672321461587258	0.732774950522841	0.9633234494130484
mp-bqhd	0.994712384147802	0.8266799144259801	0.9986616698159178
mp-clgxs	0.969004990429113	0.78514038584526	0.9972530394290532
mp-clgbc	0.8134379067267621	0.8328573396169201	0.9935042803016616
mp-bljrm	0.918190919165562	0.624553433316781	0.9826214762569232
mp-bfavc	0.747729334216206	0.838440475112539	0.9894205192585726
mp-qaf	0.719969584927957	0.8475274290101731	0.9876108549190156
mp-bfymf	0.7024112136346721	0.822929208205164	0.983246419624066
mp-cljso	0.961538008248457	0.7982255743637081	0.9974453790206198
mp-cpqll	0.9332742638064092	0.765094154660736	0.9955075418710272
mp-cjmbf	0.7143098918875641	0.7752916422718771	0.9790048901286058
mp-bxhar	0.8434169232722041	0.8439365076157731	0.9953875630621288
mp-bfswb	0.7797411290510831	0.7335084357082231	0.9822502071476572
mp-cxhxx	0.9093757064030472	0.8876963084113421	0.9983770390338784
mp-cok	0.966224987600308	0.8440099611373191	0.998537734983043
mp-cgimq	0.8130297890850801	0.977530847763612	0.9981251596237464
mp-clhlo	0.882910010624918	0.8050359396680461	0.9953432874146332
mp-cljor	0.8634072327434511	0.860979167122193	0.9966729663698076
mp-cpqdw	0.9971503951984992	0.584245856296681	0.984136792248735
mp-clfph	0.8865882553218041	0.7484215713964251	0.9925706966317372
mp-cehwu	0.920188730226094	0.8599269229975771	0.9980400519161282
mp-cljth	0.830655932661826	0.8269510222591591	0.9940814996146604
mp-eog	0.8784975278258781	0.7539321996593941	0.992479548063547
mp-bfrwt	0.6212996153977041	0.93406004017629	0.9837145211293874
mp-cpblh	0.613155655943043	0.8340349283692221	0.9691558709221592
mp-cpchs	0.8243256985554621	0.7931565220558501	0.9918200968601402
mp-bjaan	0.9590850073456332	0.753712300669607	0.9959027554810984
mp-bford	0.8509522331226751	0.767800237444139	0.9917889621598096
mp-uoo	0.8068670829159511	0.832584112052674	0.9931314022992505
mp-cpqex	0.6801612242000981	0.6813066566465621	0.9523112740425618
mp-ckxee	0.9035832116232	0.749034779351146	0.9934788187811472
mp-clfmu	0.967906837919245	0.782533918227266	0.9971504269153711
mp-bfrar	0.8175001047143811	0.5814189127504811	0.9573089491087632
mp-clexl	0.930371013501971	0.753100875022038	0.994858651979076
mp-ckrhi	0.6121353804746911	0.765125420657583	0.954460605477143
mp-cevfw	0.675267160095629	0.8023919568604431	0.9765835500689152
mp-clhgw	0.8973132931483051	0.8223736068346661	0.9964793337603116
mp-ciyzo	0.6535122149857471	0.954417801081192	0.9891749789591312
mp-bprr	0.902964141124257	0.5792804452430771	0.972381839899874
mp-cpddy	0.962339497969014	0.700846949766717	0.9933564247257436
mp-crnod	0.9401559059334592	0.811089027159211	0.99729816896699
mp-cpqpr	0.9114690517651892	0.8959081237291451	0.9985533986978808
mp-cpuvb	0.925497240897346	0.621188316946926	0.9828628219672684
mp-cpuvp	0.976805963260488	0.7224731092314901	0.9951320229575902
mp-cpuyv	0.9605247597820452	0.6978333863457441	0.9930796275166192
mp-cpuzc	0.9842915805643152	0.8252239818193821	0.9984806110131572
mp-cpvao	0.825121993675015	0.7968328821926131	0.9921050750317348
mp-cpvaq	0.762141591413784	0.7711017448889621	0.9846697416771352
mp-cpvcq	0.7086163568308821	0.7607574133701691	0.9759582691796036
mp-cpvcu	0.908169625358591	0.609554021371795	0.9791079956802252
mp-cpves	0.826710301995052	0.651361937408231	0.9758832146144816
mp-cpvga	0.918477699049369	0.723941275114176	0.9926843690105568
mp-cpvhc	0.6172317495342811	0.8488433287080951	0.9724958028173116
mp-cpvia	0.7683553395767491	0.698525042897923	0.9754344453384578
mp-cpvkj	0.8187119948743441	0.686928175876192	0.980632208972108
mp-cpvkl	0.8426550523028931	0.7891826298526781	0.992663319634686
mp-cpvmf	0.64301143383873	0.7773266682217701	0.9656635438988798
mp-cpvmi	0.9856917695163652	0.795554105001804	0.997883673970228
mp-cpvor	0.6869796028689	0.7753319148925191	0.9745054103112732
mp-cpvou	0.8626871855061441	0.6584288806320521	0.98165406733072
mp-cpvpk	0.7362753824345271	0.729025649440698	0.9754350335820084
mp-cpvpy	0.679672698002945	0.764324768017523	0.9712507690032554
mp-cpvqi	0.787502626021639	0.694648929142322	0.9776645328090616
mp-cpvqx	0.692308780200091	0.7893549202633131	0.9775505401289236
mp-cpvrb	0.7283937171671491	0.656661228595071	0.95827665357497
mp-cpvsq	0.6811376833522731	0.773518446177699	0.9731266337299016
mp-cpvsv	0.983898550164432	0.870109475761056	0.9991572145257168
mp-cpvsz	0.7934688647713171	0.787859968714808	0.9892305564403964
mp-cpvtw	0.933795961933412	0.559911309236919	0.9723898349299466
mp-cpvuj	0.9196202263261912	0.7976649362153581	0.9963190029252686
mp-cpvvh	0.868048543559868	0.708334383333143	0.988156929690567
mp-cpvyb	0.8101633789882771	0.662202402166265	0.9754195786644952
mp-cpvyk	0.843036175878161	0.604850560564911	0.9687565952411434
mp-cpwce	0.8341760100838961	0.6346717029015231	0.9738146513296566
mp-cpwcq	0.7857865800197691	0.7669689421800641	0.9866804113858952
mp-cpwdf	0.8146601955249181	0.6719175879055721	0.9777581292712996
mp-cpwdh	0.89921269416153	0.79635514762999	0.995590897734146
mp-cpwes	0.7934688647713151	0.707720007830489	0.9804633714079988
mp-cpwjd	0.812621328167852	0.5685536883525231	0.951943654513431
mp-cpwjf	0.927410657319045	0.8399110720145121	0.9977441413156783
mp-cpwjm	0.953961919811414	0.5669469870386951	0.9766056285485648
mp-cpwjn	0.882573097937386	0.69070710806871	0.9875647680469404
mp-cpwkf	0.6420076723519611	0.7987975528515631	0.9694990358123978
mp-cpwkp	0.782339475033038	0.6831457282448851	0.9749300446868854
mp-cpwlu	0.734427517361938	0.7783820508138981	0.9822033872147122
mp-cpwnh	0.7399586432104811	0.7735887991797851	0.9823271008322264
mp-cpwnp	0.977120164258138	0.64645631524224	0.9899810620367656
mp-cpwny	0.7251271442041931	0.709935463658335	0.9699770586764938
mp-cpwpk	0.8039651488473021	0.6322791734699791	0.9682379021153028
mp-cpwpr	0.896676670145617	0.743954725236693	0.9928262820554584
mp-cpwqx	0.7251271442041941	0.6801829608890021	0.9635028642079264
mp-cpwqz	0.963526517856538	0.776942142362342	0.9968675135192656
mp-cpwrp	0.6258657743342481	0.7478354859048081	0.9543012610528278
mp-cpwtg	0.960524759782044	0.7028277517956201	0.9933961858654238
mp-cpwto	0.9621398855088532	0.5980985804855391	0.9830003180157508
mp-cpwun	0.975689798300378	0.728069933057311	0.9953544694480658
mp-cpwvi	0.854293095112544	0.617050347645669	0.9732959420536614
mp-cpwvk	0.9309031361273772	0.6120053295104231	0.9820271500582528
mp-cpwwn	0.7162002607045831	0.751059680432914	0.9756942426247804
mp-cpwwu	0.972872817306558	0.7364487391586181	0.9956317026629808
mp-cpwxi	0.9844215287183912	0.76129360443645	0.9969013034946598
mp-cpwxw	0.7367367022061561	0.728632065747942	0.9754454998857626
mp-cpwzc	0.622315262811453	0.7976198919456251	0.9646089603965484
mp-cpwzt	0.8619655473453991	0.586683710640105	0.967585420609424
mp-cpxbf	0.937140516531316	0.514471154101055	0.9601635496215256
mp-cpxbt	0.903273897493366	0.619738967614826	0.9802619168692224
mp-cpxbx	0.8392080810675691	0.765473387119986	0.99087219779111
mp-cpxdc	0.929032452861822	0.7859986688237051	0.9961919974925114
mp-cpxdi	0.7758229353142151	0.629529723448873	0.9619443656601322
mp-cpxfe	0.8310485085252761	0.6599669602481161	0.9779947614765724
mp-cpxft	0.990746867216716	0.866038055197975	0.9991818885855452
mp-cpxge	0.9631328755095332	0.7161483218238811	0.994284440139224
mp-cpxgf	0.904816038973056	0.6704220147030231	0.9872292368223826
mp-cpxgz	0.7033683215379001	0.7025968355915511	0.9638131919882428
mp-cpxit	0.95129264217493	0.6509477098708191	0.9887032069156942
mp-cpxks	0.815473330150924	0.71317467462754	0.983784400711963
mp-cpxli	0.7762595064441541	0.7286466626383601	0.981176793534278
mp-cpxmf	0.963526517856538	0.704168731820449	0.99361424553044
mp-cpxmu	0.8889022789955141	0.60595137407673	0.9760079076601084
mp-cpxnq	0.935863703269254	0.6719818106852771	0.989675806611388
mp-cpxoh	0.9007834924354372	0.611743358461806	0.978605157521528
mp-cpxoi	0.8931442160683091	0.65886631796767	0.9848543339702832
mp-cpxpk	0.8771256903680521	0.57745898503478	0.967852888396603
mp-cpxqd	0.939408556330982	0.8739725878041671	0.9986329926620026
mp-cpxqh	0.925497240897346	0.5420725183931631	0.9665449643223708
mp-cpxqj	0.952190340694566	0.7142729296439491	0.9937097633928385
mp-cpxqn	0.7814745931245901	0.668877202634086	0.9720954644147703
mp-cpxrr	0.904816038973056	0.561744873749065	0.9684262449810072
mp-cpxrz	0.8902152036691641	0.873672865079242	0.997711135496158
mp-cpxsi	0.934833647383381	0.682858262625163	0.9905654466750412
mp-cpxsr	0.894434805389767	0.6155327478542441	0.978497950235563
mp-cpxtb	0.9664139076986472	0.521849787498891	0.967433504651194
mp-cpxtr	0.877469271020725	0.667667507216904	0.9844662928252228
mp-cpxul	0.917615983920083	0.641015305189328	0.9848450502070978
mp-cpxvo	0.8852566213878941	0.811338396421129	0.9956838740881718
mp-cpxyn	0.985567139954818	0.664423880377906	0.991980506246817
mp-cpyab	0.8634072327434501	0.8356641827337821	0.9958237720368576
mp-cpyaz	0.9554859200764372	0.8464061762221491	0.998409358803376
mp-cpydz	0.992910428323236	0.793167549130907	0.9979652556370568
mp-cpyee	0.991045243455786	0.7440288029925941	0.996483806204976
mp-cpyhn	0.997878440469284	0.88453489731093	0.999455664251507
mp-cpyko	0.8215274852376141	0.617049882769641	0.9678610293516504
mp-cpykt	0.8047959463706431	0.713167434283269	0.9825882591827668
mp-cpyku	0.7993720270248581	0.678797590823033	0.9767482150842796
mp-cpynh	0.8195181748520801	0.6764685837978061	0.9791473206564144
mp-cpynm	0.6060035549610271	0.8594175473441431	0.971723402897448
mp-cpyow	0.920755390972653	0.50438275486259	0.9533015459835344
mp-cpypq	0.9327506651265092	0.675278875567341	0.9897692223735132
mp-cpypv	0.8118033782988491	0.764183228948885	0.9887331572495146
mp-cpypx	0.792620377012754	0.7311506751322321	0.9834613678280574
mp-cpyqc	0.974217178824246	0.570476747884556	0.9796322673544128
mp-cpyqw	0.8644843137107051	0.804134223416291	0.994549937367268
mp-cpyro	0.812621328167852	0.762946192687446	0.9886926630536916
mp-cpytn	0.8372800580195481	0.6441020460920811	0.9760738951549984
mp-cpyuc	0.989290452162736	0.8492792834146281	0.9989424226215472
mp-cpyus	0.960524759782044	0.790678935332158	0.9972108139872372
mp-cpyut	0.7572197668907531	0.6662336534133471	0.9670541593827108
mp-cpyvp	0.935606905560094	0.671720850622682	0.9896346683421048
mp-cpywa	0.8318325707162291	0.605704069074066	0.9669748629684348
mp-cpywl	0.8064535268264871	0.6876422124818571	0.9791692601297776
mp-cpywp	0.747729334216203	0.6626511345233871	0.9642566025492824
mp-cpyxf	0.98738059709561	0.656068585969621	0.9914196573000728
mp-cpyxi	0.8902152036691641	0.8515263466459351	0.9971562156028227
mp-cpyzn	0.7549712517076771	0.713493436801212	0.9758637424351404
mp-cpzac	0.83843798484133	0.783822551686142	0.9920841134264076
mp-cpzem	0.9716692732944032	0.602801445643906	0.984559398500178
mp-cpzgc	0.767913397489498	0.83846661253212	0.9910004892210416
mp-cpzjk	0.8911954052882941	0.529873121165028	0.9563348772581156
mp-cpzky	0.990031825441482	0.8563244770791011	0.999049230254372
mp-cpzne	0.703846541224399	0.6563905092182231	0.951722090859201
mp-cpzrv	0.99209780398462	0.5982460026919331	0.9856676464233758
mp-cpzvz	0.710042864205903	0.7387919011495321	0.972538442908437
mp-cpzzq	0.6889203934092331	0.7119636582742761	0.9625879141337864
mp-cqabt	0.77275849499389	0.7279979611582771	0.9806364659535096
mp-cqaef	0.9069563825953092	0.7303676747676111	0.9924979896446782
mp-cqako	0.849082709496736	0.638034557126356	0.9766201286408764
mp-cqavz	0.918764020021071	0.6785891510648171	0.9891168907687968
mp-cqawe	0.6540104405322761	0.7263494284459481	0.9570375653344856
mp-clgcu	0.810573890139155	0.8295380142918031	0.9931725513825472
mp-bqlf	0.6874651094038351	0.7100947494387161	0.961797679151757
mp-bqyzi	0.7736355521461831	0.920408741666084	0.9954123560237198
mp-bfilo	0.851697351405252	0.7387534098440841	0.9896513067529676
mp-bmhvc	0.945026867604526	0.871766169834131	0.9986817550182988
mp-clgck	0.825121993675013	0.904647445846276	0.9967821794821914
mp-dbdjf	0.859427331024831	0.676743057877866	0.9838228882710464
mp-bqgx	0.979409867434096	0.919149347156148	0.9996157027389262
mp-kuz	0.8345653031794281	0.6623084114281701	0.9788460195074062
mp-bksqk	0.557468575246433	0.8276070844955251	0.9517094135294056
mp-bmnar	0.565263096110026	0.8279068977436551	0.954463353377066
mp-bepw	0.69375779322605	0.699841529008357	0.9608762576897508
mp-cfkkp	0.5730415142812051	0.8918850653712941	0.969189025604022
mp-ckwxq	0.8885729807284851	0.8058633803810851	0.9955877510886004
mp-old	0.9541811295273652	0.7983741194471	0.9972787801615656
mp-ckvme	0.8345653031794291	0.8469040885993291	0.9951485750661048
mp-bfvid	0.7687969873794661	0.689833098192638	0.9739605594289572
mp-bnrir	0.572523492544116	0.8529809032957141	0.9620901347283188
mp-bohm	0.8784975278258781	0.5889855736536871	0.970878577157226
mp-cpsvf	0.810984060707682	0.7458140077076021	0.9869545820848296
mp-chitl	0.6116250580054751	0.8060168211682771	0.9635289699936797
mp-dcvhs	0.9943258723689572	0.706257287073481	0.994968689205008
mp-blhjt	0.8608801140491811	0.5719011446726651	0.9634408052975784
mp-eun	0.926320082177046	0.8592505404189971	0.9981438312144608
mp-bruc	0.7913452398342881	0.7633948946197451	0.986859675470706
mp-bkcne	0.6644333233692921	0.757391221070392	0.9666802042851174
mp-bfoxx	0.7736355521461811	0.819738582771906	0.9901216932087792
mp-bbvf	0.6085605721648251	0.8811707431895671	0.9754660749401616
mp-clfnc	0.666409772261493	0.8109424536665981	0.9762879415009196
mp-ckxem	0.993257544993406	0.7598491529784781	0.9970742818640024
mp-cgilg	0.810984060707683	0.975662362946282	0.9980466129192568
mp-fzr	0.9786597487660332	0.8901461652967061	0.9993340827582392
mp-brakw	0.752715746358938	0.627014327788819	0.9558764616742208
mp-bfrlg	0.970262763801458	0.8389791298207351	0.9985113149313652
mp-hlp	0.8687565586790871	0.863976435003428	0.996918246971186
mp-cewnx	0.9903414984551172	0.923721621117268	0.9997319038641824
mp-crm	0.8565028711085271	0.8769134308064961	0.9969346352297402
mp-blhuw	0.9123594379300952	0.821979992472002	0.9969005599908662
mp-crrot	0.6728128869100981	0.975766901637794	0.9921016304498468
mp-bgmrz	0.7836344745633781	0.684483674708641	0.9753703657134868
mp-cljpc	0.8093413367405481	0.8096555431551251	0.9919346288946334
mp-mmc	0.7033683215379001	0.910984747115372	0.9907625121910756
mp-dbhja	0.8597911190119301	0.8461766737686661	0.9960743655242518
mp-clfqa	0.7951619746781471	0.7801877002155391	0.988731848310778
mp-bsep	0.911766298814214	0.8502277785570991	0.997646123025705
mp-jls	0.7157280228404791	0.710751997344367	0.968269031175796
mp-cruhx	0.8203229532667821	0.911030992075009	0.9968134799352568
mp-bgqjn	0.9490137878803072	0.7789017807707751	0.9965364087199
mp-xpb	0.709567591390306	0.777827026605545	0.9786398106264746
mp-dasdz	0.601906311853943	0.8054033790187181	0.9607436558027422
mp-bfqfd	0.7674711616023571	0.7086670374727101	0.9769960829118252
mp-bopm	0.8175001047143791	0.6292470072284251	0.969958994984758
mp-crkcm	0.7753860617106081	0.936422633674692	0.9960284148965398
mp-clips	0.945026867604526	0.8284718097900201	0.9978457711404396
mp-bpjvb	0.7283937171671491	0.695811438794921	0.967725941793081
mp-bpee	0.947155239883986	0.7851540406218711	0.9966948822490476
mp-cjmwu	0.6253589680364781	0.7406881338115091	0.9522767813206734
mp-brbwf	0.5214609547790501	0.8825860496458621	0.9514063771045638
mp-kge	0.8666276731112811	0.8764527405488131	0.9972019695280268
mp-clgzt	0.869109959852522	0.8479077752620541	0.9964397122207542
mp-cfzin	0.801882329663348	0.97787354050674	0.9978811902955416
mp-bgxo	0.7648116036624121	0.7227310687805331	0.978797751824447
mp-bsec	0.939907271720498	0.719362972317078	0.9934522252770256
mp-ckvzz	0.668876223327162	0.7444206720484461	0.965031830517062
mp-cksuk	0.764367324773065	0.8194225526339981	0.9893557608836088
mp-bxjqz	0.552784933328304	0.8390702299564411	0.9527854335149148
mp-cdlxk	0.7499999999999991	0.76505480513594	0.98254889179944
mp-cpdqb	0.7696793981943411	0.643048072540075	0.9641068440713212
mp-xto	0.860517510922394	0.6590348215968681	0.981497197855154
mp-brfmn	0.91442116345238	0.8071037100676131	0.9964860307742972
mp-bfxvg	0.9947880593013252	0.7176408913323891	0.9955261455830612
mp-cjkar	0.9993418966349552	0.8608008148846331	0.9992098164080976
mp-biry	0.8568698011382101	0.88397775060585	0.9971377634505204
mp-cehuv	0.798532628194598	0.8648765333159251	0.9942989339636716
mp-bmmbx	0.7947391815638271	0.95143547278585	0.9971068573011372
mp-blhcj	0.961134225709763	0.7518839172067441	0.9958945673546576
mp-cqspp	0.6379864413243731	0.857089826978195	0.9776914009421006
mp-behw	0.774511408999066	0.6956938747726511	0.9759076044803568
mp-cgipa	0.936120023000422	0.907845256217094	0.999073230863398
mp-cfyyy	0.550701784949928	0.9219557114318032	0.9683090197033108
mp-boxj	0.5553875621053891	0.8628826171710381	0.958897600654228
mp-brsla	0.981861839145004	0.851922372909628	0.9988866726458556
mp-ddhvp	0.6644333233692911	0.762424685191957	0.9676774510187276
mp-boaiy	0.59831534730771	0.8109694384222711	0.9609093113181776
mp-bicm	0.8010468814325961	0.814570007945918	0.9917151361186224
mp-cjkko	0.95263621564455	0.7493611374010001	0.995506526856856
mp-cljsv	0.950159385701096	0.8830301727058051	0.9989217207175746
mp-clijr	0.8641256858988421	0.836128850591585	0.9958665150154412
mp-bfsyu	0.6299152090820811	0.8260490695968901	0.9715455934407784
mp-bpnul	0.69230878020009	0.7648487435675181	0.9737598920538356
mp-bkoul	0.955485920076436	0.8358483176675621	0.9982050880950292
mp-ckwnd	0.7427100508976371	0.6451009593299271	0.9585952538628408
mp-bpiiv	0.941391831289855	0.688340175043854	0.9914014317810664
mp-bflzy	0.862326565093523	0.8818885459710321	0.9972298215398796
mp-caxb	0.663938758987855	0.9057615739186052	0.9865869427161472
mp-cevdh	0.743625062862666	0.7682495859274641	0.9821390326162796
mp-cqpvj	0.7857865800197691	0.8302199640510961	0.991706055763556
mp-bfoqb	0.936120023000422	0.852132878299751	0.998182672370061
mp-bfibk	0.7840655196243621	0.685908163725306	0.9756868754472752
mp-bdhe	0.9811564893208312	0.7214797940164711	0.995239106479759
mp-ckxbo	0.644515898472236	0.7462831862348671	0.9592862270652224
mp-cfyeq	0.8097525277052271	0.88614134968015	0.9956536494304148
mp-clezc	0.687950410360293	0.8263887229862851	0.9817030936283664
mp-bfrfw	0.974876884566033	0.757149066581141	0.9965058611801648
mp-cpsiv	0.844556904193674	0.7598565397073751	0.9908167476952436
mp-cdyxr	0.8407438063507591	0.864876419334606	0.99605848666273
mp-oon	0.927682130080253	0.7766649116945561	0.9957915417874952
mp-cecdl	0.8372800580195481	0.7606431626996011	0.9903765180046024
mp-cecdp	0.8290820074713381	0.69832177151608	0.9833950033453746
mp-cehjh	0.891846728662919	0.8592845007099491	0.9974022417151496
mp-ceqfs	0.798952491528759	0.663584028416476	0.9739467351074405
mp-cpitt	0.6314314116494051	0.830082278079296	0.9725172383515404
mp-cpjhg	0.777131739368346	0.6138677440461311	0.9578785852784456
mp-bgpir	0.7840655196243601	0.826603006561184	0.991357537991488
mp-bfjmp	0.8862559818389321	0.8127031849807951	0.995772175626486
mp-dbmrm	0.676737421889628	0.8810547557810231	0.9859039219314274
mp-ckuck	0.8426550523028911	0.622107401822765	0.9725576180873986
mp-bsdu	0.96391812694946	0.6011881756157641	0.9836283109132462
mp-bube	0.770120160238827	0.6086237628745911	0.9546134128789951
mp-bdsy	0.80354924985519	0.702048844257085	0.9809290784679066
mp-clixp	0.980292658943355	0.48336504865674	0.9572424033260788
mp-binr	0.6644333233692911	0.773903168102375	0.969846306809232
mp-tnz	0.8243256985554611	0.9095912378093032	0.996895473737742
mp-bprdv	0.9975795158703572	0.7899142502792581	0.997977005590605
mp-cprax	0.8076931850895851	0.6573759778036851	0.9741426294111654
mp-cjlmm	0.5880269980899131	0.8806020493645571	0.9709870431565316
mp-bimt	0.887913106202259	0.8214148290259131	0.9961493472167484
mp-bcal	0.971145706284759	0.743167974973534	0.9958588534020308
mp-lhe	0.7670286324002941	0.710773624900198	0.9772693605185848
mp-bqwbm	0.7665858103685951	0.7752286277868371	0.9855871814308604
mp-bghqy	0.958669115123109	0.825514502071457	0.9980469614604128
mp-clewt	0.920188730226094	0.787081399765851	0.9959487330569952
mp-bppm	0.7857865800197681	0.8435834055919371	0.992509836399608
mp-bmkro	0.8712218530991721	0.7610271915939081	0.992527616399738
mp-ckyai	0.8818980143173201	0.8071153543774021	0.9953909109113436
mp-broki	0.64301143383873	0.8286868530904191	0.974612600955748
mp-cljjq	0.9232824888530692	0.818058890186499	0.9970748345241724
mp-bjhh	0.8330059337171251	0.85527706911498	0.9954186691384892
mp-bfqjf	0.61264557997371	0.8602561020774011	0.9732794339382316
mp-ckxkw	0.8187119948743451	0.760957995940293	0.9890131442384036
mp-cksbs	0.7576686256794081	0.8472054817827881	0.9908315390008196
mp-bkpgu	0.7128896457825361	0.807327818846432	0.982843358268454
mp-cdoxx	0.7665858103685941	0.936388028982504	0.9956777813641898
mp-clira	0.8729705727120901	0.827900737784606	0.9958761953975316
mp-clhgm	0.772319517507513	0.8365947051183691	0.9911922554445624
mp-tnk	0.673304122722417	0.7966788958215001	0.9753866444681858
mp-bmlxv	0.901096334941153	0.8368623951230011	0.9970336841215448
mp-clfqi	0.8953982068865751	0.739702109608242	0.9924864697450492
mp-cpqgc	0.710517906683745	0.6894575028047121	0.9623800007496776
mp-bfzhc	0.745907908624945	0.785296768613538	0.9843928672937744
mp-ezz	0.662949091430683	0.829871201126646	0.978333851198022
mp-bfoor	0.945265308993357	0.8603507861471321	0.99849417566128
mp-bdjv	0.7849266747359611	0.7977818905825951	0.9893385580367524
mp-bidr	0.92849373314027	0.871685964566645	0.9984189265121656
mp-yxj	0.9045084971874732	0.668993808552046	0.9870480759539794
mp-yxm	0.6952048939408151	0.680127684143502	0.956160789514197
mp-yyi	0.8259168626504391	0.682468079444118	0.980863257450601
mp-yzn	0.843797294067484	0.6796332580542741	0.982538775328167
mp-zad	0.8158793787539781	0.795494466087266	0.9914322918653176
mp-zah	0.999977793554474	0.945165487194736	0.9999296550865108
mp-zaq	0.734427517361935	0.7902335360708661	0.9835900285645665
mp-zcj	0.7133632953029451	0.7588006254248391	0.9764410402720622
mp-zcr	0.7495464131639931	0.7805248401606181	0.9842867477288962
mp-bfozh	0.9282236682877972	0.8344246148874661	0.9976301208925072
mp-bfozu	0.965464196558467	0.638515434782662	0.9884172419424568
mp-bfpal	0.8064535268264871	0.7611045416342891	0.9880091778961968
mp-bfpbb	0.6976124401021581	0.798508089555225	0.9796373483353872
mp-bfpbg	0.9864283571109352	0.570401960068574	0.980904998384228
mp-bfpca	0.95887731284199	0.7749774309990141	0.9966787735857252
mp-bfpcc	0.7376585624113441	0.735921672687703	0.97677179665956
mp-bfpcx	0.934056097574118	0.837196771829474	0.9978211719922064
mp-bfpdc	0.975203613594574	0.827790020739801	0.998383607766112
mp-bfpdu	0.731648017559931	0.7721734058655241	0.9810602726844088
mp-bfpdx	0.883918227765298	0.7649971009276241	0.993431948230723
mp-bfpdz	0.860517510922394	0.6384587101607351	0.978220409187924
mp-bfpei	0.898264959012098	0.8438409854312531	0.9971553213309724
mp-bfpff	0.931697775303385	0.809119873046062	0.9970306895733628
mp-bfpfg	0.8995277307681081	0.793355461601676	0.995479991632897
mp-bfpfk	0.817095444381094	0.7532699389152621	0.9882026363284268
mp-bfpgu	0.866983494776673	0.6305218162407621	0.9776726391063542
mp-bfpin	0.729324777242157	0.744357771473078	0.9767764438638736
mp-bfplf	0.747729334216202	0.7780973883338901	0.9838052052783496
mp-bfplg	0.949243893249544	0.7670410784946151	0.9961140645043788
mp-bfplk	0.982278709228899	0.7360553266070251	0.9959175210924854
mp-bfpmg	0.8310485085252761	0.722808235696888	0.9864439082483872
mp-bfpne	0.8494573814881421	0.743551840677625	0.98988608223594
mp-bfpoj	0.774511408999065	0.6534394902094981	0.9675488106680458
mp-bfpon	0.9887448005034012	0.517780145259074	0.9696559825011904
mp-bfppc	0.9914355390661892	0.7792784042928561	0.997591747796826
mp-bfptw	0.942371860484624	0.812698641322891	0.9973945088338574
mp-bfpty	0.9808706547746052	0.795206491751122	0.9977801181641356
mp-bfpug	0.9158801971034832	0.8054195044123711	0.9964728819858548
mp-bfpum	0.719028690890123	0.705267775173096	0.9678063182083476
mp-bfpuv	0.670846053945741	0.7245827840700021	0.9610830332218298
mp-bfpuz	0.9768059632604872	0.7279131336412991	0.99538581416981
mp-bfpvm	0.945026867604526	0.6376875482709821	0.9867850960354476
mp-bfpvz	0.97270243663632	0.7045315210359181	0.994033113843426
mp-bfpwa	0.868402753118871	0.5794319539355981	0.9668545236127756
mp-bfpwi	0.8565028711085261	0.827373262744668	0.9952388596020328
mp-bfpwm	0.924116510602618	0.529555930380286	0.962626195904078
mp-bfpwt	0.6772271222421651	0.6827173294611121	0.9518662409129566
mp-bfpxc	0.8298696935515121	0.8255183773687871	0.9939727634702324
mp-bfpxm	0.790919554494739	0.591494192933128	0.9542999324119608
mp-bfpxp	0.8275023082284411	0.6184183523320841	0.9692415948735784
mp-bfqau	0.841126804554698	0.93011429432739	0.9978294359320876
mp-bfqbn	0.77756740020609	0.855694478053004	0.9926909752266712
mp-bfqce	0.981013835793042	0.8032093209634301	0.997972305149102
mp-bfqcg	0.9660355562291052	0.8636902119539751	0.9988528746419414
mp-bfqdc	0.957197660312188	0.5465524268195411	0.9725195891206856
mp-bfqei	0.950840822543023	0.5465638804621921	0.9716274127988542
mp-bfqex	0.92659342797966	0.7285744655919071	0.993378286951962
mp-bfqfm	0.9196202263261912	0.618972872477842	0.9819283243967252
mp-bfqgf	0.9069563825953092	0.58720102176398	0.9746756579225704
mp-bfqgx	0.782339475033038	0.6870239422283421	0.9756162616221516
mp-bfqht	0.950614170999705	0.760090810713684	0.9958862628014832
mp-bfqii	0.992822297574499	0.8259880961824211	0.9986226272295626
mp-bfqkn	0.996057350657238	0.782500339767314	0.9977692872612148
mp-bfqkv	0.707187790496642	0.746049970083637	0.9732880576136892
mp-bfqlo	0.923560960691068	0.724228222849702	0.992962186458024
mp-bfqly	0.793892626146236	0.5902931355448251	0.9546329126562976
mp-bfqlz	0.7024112136346701	0.7740980459057071	0.9769684751457932
mp-bfqmb	0.9788108229788112	0.7719648315776091	0.9970974127990604
mp-bfqmc	0.969004990429113	0.780143477476945	0.9971057068159076
mp-bfqme	0.976011313472838	0.494772352266063	0.9605530236361728
mp-bfqmm	0.9617391404288412	0.7953735623047821	0.9973721776881908
mp-bfqmn	0.8960383071249831	0.778928904295585	0.9947060304152416
mp-bfqne	0.7204396703693291	0.688191243329016	0.9643402629933668
mp-bfqnv	0.733502040327426	0.7524376793656411	0.978630463301392
mp-bfqua	0.988185749658472	0.7859133483247791	0.9976964404281272
mp-bfqvf	0.9135402871372812	0.798522135907289	0.9961592289227608
mp-bfqvu	0.950840822543023	0.704210145706461	0.9930267406720288
mp-bfqwa	0.974712738820952	0.87963277683225	0.9991725870701264
mp-bfqxn	0.9190498817666792	0.512817270768689	0.956067611756173
mp-bfqzq	0.934833647383381	0.6930752428961721	0.991389602834734
mp-bfrca	0.935606905560094	0.6935986205369891	0.991474497141374
mp-bfrcb	0.95483576932461	0.564083929814127	0.9761236492632664
mp-bfrcn	0.651517634816386	0.7321797843788721	0.95780003797225
mp-bfrct	0.8931442160683091	0.8336455389578371	0.9967161816805896
mp-bfrdf	0.922724152939512	0.7267267135294321	0.9930772967002094
mp-bfrdo	0.9190498817666792	0.67508476335301	0.9888009880987904
mp-bfrel	0.8722723092096331	0.8033917093071501	0.9948484168201756
mp-bfrev	0.844936142691579	0.6099207477210771	0.970259173658986
mp-bfrfa	0.860517510922394	0.8783738225633511	0.9970878080276638
mp-bfrgc	0.8722723092096331	0.71545764716991	0.989146658770162
mp-bfrjh	0.9804379483484492	0.8963545619197941	0.9994157439828668
mp-bfrjw	0.7581172019028241	0.681020236861498	0.970398255903376
mp-bfrkh	0.8286876228970491	0.649188465852481	0.9757722789693656
mp-bfrle	0.8426550523028921	0.7352337177375831	0.9886556531818148
mp-bfrmb	0.660471804903604	0.739600797019757	0.9619257312593776
mp-bfrmm	0.938405345365298	0.577346114530017	0.9767767510000596
mp-bfrmt	0.852069332231811	0.637155954930232	0.9768705506592228
mp-bfrnj	0.595233165615594	0.806354883652132	0.9590210512102124
mp-bfrnn	0.8097525277052261	0.7560105219076191	0.987825758566654
mp-bfrpo	0.9607284204107492	0.8081966795896721	0.9976858344462108
mp-bfrpy	0.948552100198696	0.7840238536379041	0.9966961099451728
mp-bfrqk	0.938907913480561	0.800495158394934	0.9969594433271952
mp-bfrqo	0.8931442160683091	0.7361099643228901	0.9921224214147394
mp-bfrqs	0.838052379808861	0.581860303972049	0.961807113319573
mp-bfrse	0.8666276731112801	0.83534912112349	0.9959263673296432
mp-bfrta	0.956131575366119	0.748985484877223	0.9956097443983724
mp-bfrtf	0.75	0.7231099450919061	0.976660613052411
mp-bfrtn	0.9004702104214831	0.7166009893724821	0.9911473383777464
mp-bfrtx	0.820724815784578	0.8225531118766841	0.9933498401506174
mp-bfrzg	0.9853162835172632	0.478361092458739	0.9562952080738316
mp-bfrzs	0.938405345365298	0.6427141671495821	0.986839047918402
mp-bfsah	0.9035832116232	0.609209975093837	0.9784960902837496
mp-bfsbf	0.9723601203547152	0.8902115267749691	0.999271100738552
mp-bfsce	0.8701677331788891	0.7310763657061321	0.990323757951688
mp-bfscq	0.8122125244230081	0.7728158511844091	0.9894902411530918
mp-bfscv	0.8892311507835111	0.6508482759226001	0.9834189892445924
mp-bfscy	0.734427517361938	0.7884213028518501	0.9833848798242152
mp-bfsdn	0.9904436475041892	0.6295668501667631	0.9891923321952
mp-bfseq	0.939158475701328	0.7422503775532281	0.9946755780348476
mp-bfsfr	0.9897173160115632	0.5925691154036621	0.9846913920472314
mp-bfsfx	0.9093757064030472	0.8082097537125421	0.9963708229197292
mp-bfshv	0.8722723092096341	0.584365975276651	0.968764350776679
mp-bfsjo	0.8931442160683091	0.6993843202280171	0.9892193058789096
mp-bfskg	0.838052379808863	0.740397001261868	0.9887545336715216
mp-bfsmm	0.7394991513223811	0.6410730862831611	0.9566798152254816
mp-bfsmn	0.8505790964837711	0.700177512078887	0.985788541197392
mp-bfsnf	0.8227288438619751	0.664256432781368	0.977585813958271
mp-bfsnx	0.9673508318659392	0.7533073984665261	0.9961443145502498
mp-bfsps	0.982001324463981	0.86207102161712	0.9990315408992232
mp-bfsrq	0.95698544513703	0.77845234557216	0.9967426948576136
mp-bfsrs	0.897948173340507	0.7800422575296551	0.994836490673294
mp-bfsrw	0.8849226557877641	0.647305161916889	0.9824753544472484
mp-bfssu	0.7993720270248581	0.7145750559852191	0.982136669441648
mp-bfstd	0.934574940583592	0.775859104740229	0.9959872264902072
mp-bfstl	0.8902152036691641	0.6867708406985781	0.9877766360748764
mp-bfsuc	0.9268663059702752	0.51859326235198	0.9596075844361032
mp-bfsuj	0.988634061784096	0.6396343181817391	0.9900580975364588
mp-bfsur	0.7892136275203381	0.6466747361916031	0.9687960591216704
mp-bfsvk	0.948320518392618	0.606869223441723	0.9829888850647917
mp-bfsvn	0.857236339816402	0.628113118303383	0.9759151399839312
mp-bfswi	0.8298696935515131	0.7891439640595531	0.9919047019678606
mp-bfsws	0.851697351405251	0.7088481751437711	0.9868363484442452
mp-bfswt	0.9476228241624052	0.7898730866735191	0.9968598724815524
mp-bfsxq	0.816285080956562	0.596664024633491	0.961557192865549
mp-bfsyg	0.7283937171671491	0.7166763209355691	0.9718899537820204
mp-bfsyi	0.699054371547531	0.775319542485391	0.9765975441384522
mp-bfsyz	0.9199047085146412	0.665113363112907	0.9878558487846608
mp-bftaf	0.96093157579425	0.5492576798091291	0.973662967387648
mp-bftap	0.934315757219096	0.8415101741819441	0.9979239905326333
mp-bftbe	0.908169625358591	0.792353554468724	0.9957472820777322
mp-bftbk	0.9158801971034832	0.7299503491050281	0.9929362238467092
mp-bftcz	0.7887863517111331	0.78710004222561	0.9887826216745677
mp-bftdi	0.89184672866292	0.650813717725739	0.9836772386075936
mp-bftef	0.8565028711085261	0.749038936063248	0.9908042549130696
mp-bftey	0.7152555484041481	0.7133773783400721	0.9687100281227694
mp-bftfk	0.777567400206088	0.749425274060024	0.9839437919569216
mp-bftgs	0.882910010624918	0.6337412305175381	0.9801864518635552
mp-bftgw	0.9309031361273772	0.795238401269941	0.9965715389055292
mp-bfthu	0.8892311507835111	0.7286065006718341	0.9913612243627488
mp-bftia	0.906041763445902	0.8867220039788151	0.9983000095031578
mp-bftjh	0.997315405995716	0.7309294491138201	0.9961660931257268
mp-bftjs	0.8122125244230071	0.7443837759955041	0.9869248257000068
mp-bftlf	0.95196665927397	0.709659968780306	0.9934227582293336
mp-bftlg	0.792195651559585	0.761440018077542	0.9867481354894826
mp-bftly	0.733502040327428	0.7677197737673691	0.9807347151129716
mp-bftmc	0.8259168626504391	0.705004458553098	0.9838960417994026
mp-bftms	0.974217178824246	0.702573122862105	0.993984331726024
mp-bftne	0.8010468814325971	0.62012527718734	0.9647352719532242
mp-bftox	0.862326565093523	0.5797550244882681	0.9658581135342256
mp-bftpp	0.869109959852522	0.6899285878232181	0.986333055025242
mp-bftps	0.863047408187795	0.6410734953943791	0.9789845810300832
mp-bftrf	0.921038029386346	0.797875228361396	0.9963696675891122
mp-bftru	0.9138343665031032	0.857826270852843	0.9978661459102884
mp-bftsb	0.975528258147576	0.617432773709043	0.9867815692779356
mp-bfttb	0.6253589680364781	0.7790048525070591	0.9615219381685344
mp-bftte	0.8535533905932731	0.8644534216880391	0.9964741366898482
mp-bfttk	0.752263811907509	0.716970880548754	0.9760138457591298
mp-bftto	0.976011313472838	0.6528433536835541	0.990492948295047
mp-bftur	0.663938758987856	0.7079750232950871	0.955065886016582
mp-bftwo	0.8655577973649321	0.552877127798122	0.958652461462401
mp-bftxl	0.977742286236978	0.7587629392330251	0.9966413500351352
mp-bftxz	0.9054297904161852	0.615508899643569	0.979806717969092
mp-bftyx	0.939408556330982	0.618311919939263	0.983799417234416
mp-bftzk	0.7585654950690781	0.638483111662232	0.9605023354957912
mp-bftzx	0.8010468814325961	0.754909100217604	0.986936477820494
mp-bfuax	0.7330389174609521	0.73123496075002	0.9752676952846892
mp-bfubb	0.9958580300552812	0.8401966199407581	0.9988921542825228
mp-bfudl	0.992373539183356	0.46227337380003	0.9511545842995148
mp-bfuea	0.8892311507835111	0.7006202432999931	0.9890480183264856
mp-bfufa	0.7674711616023581	0.8658946681158041	0.9926358496349718
mp-bfuga	0.9745480724951472	0.8251540441585591	0.9983217716179728
mp-bfugh	0.7048023094450401	0.7484659051342011	0.973270179740392
mp-bfugj	0.906041763445903	0.833493388025432	0.997068619669656
mp-bfugl	0.943827345510814	0.762252964894888	0.9957507184894796
mp-bfuhk	0.8282928778764781	0.823564024178256	0.9937963234040912
mp-bfuhm	0.906956382595308	0.682314986136209	0.9886195750770684
mp-bfuhs	0.9745480724951472	0.797557210596959	0.9977093792079244
mp-bfuhy	0.8199207394755891	0.751939283444497	0.9883185655879176
mp-bfuib	0.9332742638064092	0.651171234601561	0.9873893246411384
mp-bfuil	0.7887863517111331	0.640433898505951	0.9672933881920546
mp-bfuit	0.915297949597906	0.822292356035061	0.996989062351919
mp-bfukb	0.7853567838422151	0.6612315623554651	0.971221309913106
mp-bfukm	0.630420753144948	0.729675568327905	0.9508878191439082
mp-bfult	0.917039216806586	0.863214483116663	0.9980467704813591
mp-bfulz	0.948088444948122	0.5032796709719161	0.9583874821414116
mp-bfumw	0.8637666587785181	0.636623181546025	0.9783223469943484
mp-bfunh	0.649520396128043	0.710857617980999	0.9516069127825229
mp-bfusd	0.8290820074713381	0.791759784187087	0.992024815080973
mp-bfusg	0.616213486320891	0.771680534182086	0.9572866720623826
mp-bfutf	0.800628661885863	0.6551632249678371	0.972577475883212
mp-bfuts	0.985567139954817	0.790442618597037	0.9977571054228436
mp-bfuvi	0.936886111517732	0.8525569800502321	0.9982051193143642
mp-bfuwl	0.9120630943110072	0.6435619809111931	0.984663056604186
mp-bfuxi	0.8960383071249831	0.7804223133325091	0.994776305372586
mp-bfuxv	0.927138715849647	0.822623595863025	0.9972999076441212
mp-bfuze	0.658983316916205	0.8033322428020321	0.9737633403211572
mp-bfuzp	0.8960383071249831	0.5905888644292181	0.9738637788714556
mp-bfvak	0.857236339816401	0.8721194429893221	0.99681914230348
mp-bfval	0.984550945644864	0.6637802089418181	0.9918779135144148
mp-bfvcp	0.959910748660868	0.75476039015841	0.9959708885654348
mp-bfvdu	0.988634061784096	0.474566732918955	0.9554565095197955
mp-bfvee	0.91354028713728	0.513344367421507	0.955124582075818
mp-bfvfw	0.6253589680364781	0.8730702357408151	0.9775441288255028
mp-bfvge	0.8441772878468761	0.8105503420961081	0.9939241998148988
mp-bfvgy	0.9282236682877972	0.6138135703364891	0.9820297573267638
mp-bfvii	0.970794077947515	0.7826680517983791	0.997223743986486
mp-bfviy	0.976330740626793	0.662729968556359	0.991349007219456
mp-bfvke	0.6314314116494051	0.7648513585670511	0.9600203763435066
mp-bfvkx	0.7993720270248581	0.6652259540657031	0.974322632628908
mp-bfvma	0.7449955758221181	0.6481664831448011	0.9599679967624788
mp-bfvmc	0.8453150029247111	0.788584239294675	0.9927766688608922
mp-bfvmx	0.887913106202259	0.5269921365079541	0.9546244254278388
mp-bfvnb	0.79049355012623	0.6974297135893031	0.9785274027390282
mp-bfvoi	0.592661803754823	0.77746661069232	0.9513167643193808
mp-bfvoo	0.830262994193603	0.65239031085971	0.9765765293318432
mp-bfvqb	0.894434805389766	0.8251498076525461	0.9964832228456344
mp-bfvqi	0.8010468814325971	0.597766905606101	0.9585934206930172
mp-bfvrt	0.676247527722839	0.8368617951043591	0.9812690923307322
mp-bfvsp	0.8915212816511521	0.8475647404802671	0.997081139822159
mp-bfvsu	0.978203377338643	0.7580071316297481	0.996627737491902
mp-bfvuv	0.883246503404675	0.773986100267917	0.9938938996718432
mp-bfvvp	0.976011313472838	0.751643749402066	0.9963380366610066
mp-bfvvs	0.755421515932929	0.7709021304448851	0.983887045526373
mp-bfvvu	0.7849266747359611	0.82204232762326	0.991115208914515
mp-bfvwt	0.945265308993357	0.6610362524245831	0.989281989242059
mp-bfvzt	0.9020322219805672	0.817038975898105	0.9964455850813054
mp-bfwaf	0.9607284204107492	0.6111801220905541	0.984752745025035
mp-bfway	0.924670200131658	0.811267341219092	0.9969096525071856
mp-bfwbb	0.8318325707162291	0.599950973115143	0.9655195484296298
mp-bfwea	0.734889870515073	0.7886961859424491	0.9834723431359692
mp-bfweu	0.8973132931483051	0.6873895710462871	0.9883919993087074
mp-bfwfo	0.6420076723519611	0.7385134303929971	0.9567010886251588
mp-bfwgf	0.7801749564140721	0.6195259173951271	0.9601846050888708
mp-bfwif	0.8365062567548861	0.565820668108272	0.9565937601354784
mp-bfwjg	0.8142531103936671	0.6555076955650121	0.9748005897432076
mp-bfwju	0.924393588066941	0.7192353718167691	0.9926827391241256
mp-bfwlf	0.96093157579425	0.83963932210695	0.9983731270509044
mp-bfwlv	0.8441772878468761	0.581244090727362	0.9628495364355808
mp-bfwmt	0.883918227765298	0.697628648524592	0.9883647091219654
mp-bfwoz	0.9069563825953092	0.6363993581807831	0.9831972326855064
mp-bfwpf	0.8376664040605111	0.6412484982895571	0.9756014277469908
mp-bfwpm	0.836893342109645	0.6266245778644961	0.9725971883871504
mp-bfwpo	0.771880241389395	0.785877402603894	0.9871641754141331
mp-bfwqe	0.8227288438619751	0.7204234732425391	0.9853882260813732
mp-cjwhz	0.7674711616023581	0.969326147087146	0.9967105180461762
mp-clgxp	0.968274943374096	0.8468895783922811	0.998618467859702
mp-cqqxp	0.6440145680073861	0.979297616156032	0.989888959082252
mp-bppf	0.7166722614785931	0.8121654601913451	0.9838551117064488
mp-cjivy	0.72792781118175	0.819485183304499	0.9858988185010168
mp-cpscf	0.662949091430683	0.8451967135584261	0.9802835179852116
mp-cjwut	0.9865492554910632	0.9345001880694452	0.9997831249652324
mp-nhz	0.87505553481523	0.757434364050223	0.9925124875271488
mp-cphan	0.7749488861124191	0.6506630648412021	0.9669975374784076
mp-ckuqa	0.6167226819279531	0.820282899077714	0.9675565736098
mp-cjmbg	0.706234276036069	0.730046076916934	0.9701929270875744
mp-bfygu	0.847580197526219	0.770470047014554	0.991762193051912
mp-ybw	0.978050204489234	0.886521928389685	0.999288228933225
mp-cgisc	0.585964550139703	0.8574151085114771	0.966600338937723
mp-umi	0.6860079751934911	0.7636305436604021	0.9723703101194954
mp-brcle	0.7307194799595951	0.7846556729958281	0.9824836014101596
mp-bfwmd	0.8513249848994241	0.7138553698128881	0.9873215651614488
mp-ucs	0.649520396128045	0.8975702399931781	0.9840678897312298
mp-bkstu	0.8788394504570731	0.733508391642237	0.9910812477587853
mp-criez	0.5460115041687731	0.852400138296698	0.9534897188910472
mp-ckwlc	0.6757574402790261	0.809156703303272	0.9776318978245396
mp-ceuqb	0.5444471484332221	0.8509007376666421	0.9525901710959888
mp-bfynk	0.569932202259671	0.8519071454881131	0.9611171043825888
mp-cgifx	0.989397973269442	0.6907029320693531	0.9939291014201944
mp-kia	0.9190498817666792	0.892650666346384	0.9986210821777026
mp-bqqu	0.916170636920332	0.7842883744984971	0.995703481101297
mp-bfrhq	0.5911177627460721	0.8554117414401671	0.967556098784774
mp-clfxn	0.974382885769196	0.8228880930591971	0.998274077288027
mp-bsmbx	0.6864938912879041	0.724386670595992	0.9648170651958392
mp-bfena	0.6060035549610271	0.8737396629694241	0.9738938434751988
mp-pvj	0.7157280228404801	0.894053268827764	0.9906758509393812
mp-bepb	0.503665158604729	0.944448679901896	0.9578279245831092
mp-rvi	0.798952491528759	0.7549692392485581	0.986746281655028
mp-bjbvz	0.763922755972533	0.822253853038672	0.9895369106724448
mp-nns	0.7687969873794661	0.9016037389128212	0.9944485473393588
mp-cqpds	0.9072603635352532	0.757419802070957	0.9941120983538976
mp-bkpfa	0.909074858712511	0.85927358597636	0.9977977473879436
mp-bpzj	0.9625386034172292	0.663132249796443	0.9905814274143422
mp-jrc	0.9485521001986952	0.8502785658442821	0.998365650641973
mp-clhhf	0.912063094311008	0.840796769029425	0.9974183239271324
mp-bfpdj	0.694240373315683	0.8105558292486981	0.9806838030078588
mp-biofe	0.726528595565863	0.95947544843017	0.9946844513807672
mp-btwz	0.712415762802534	0.9716657142539972	0.9944277982322196
mp-bkjz	0.7133632953029451	0.7699272483832421	0.9781021547427892
mp-bfphy	0.846071586935203	0.807579296185094	0.9938654274372456
mp-bcss	0.8754015911877251	0.8013706820718961	0.9948872419820664
mp-ckxsi	0.8855901645069021	0.729753105263043	0.9912225277883948
mp-bqgk	0.8122125244230081	0.8289164862398981	0.9932294048890168
mp-bmldy	0.8687565586790871	0.532989782980258	0.9525511136095628
mp-crxvi	0.852069332231812	0.8440744247459291	0.9957234271266424
mp-sgn	0.5647439411049231	0.82271547894467	0.9530692408830584
mp-ngs	0.5761479427488241	0.890850785022512	0.9697868993726912
mp-bfucc	0.665421910626108	0.8731737344349411	0.9837484090014006
mp-bmkxe	0.953301304678418	0.682445686592672	0.9916202274274918
mp-cehul	0.935606905560094	0.833275189574168	0.9977622749948316
mp-bfzva	0.991531765936507	0.698843174207302	0.9944769161817638
mp-cgpha	0.616213486320891	0.8306425252697651	0.9692778671471436
mp-bgipw	0.927953133835566	0.5549876027439761	0.9703416407828168
mp-bonv	0.676247527722838	0.8193591811055561	0.979091703376482
mp-bonq	0.658983316916205	0.795854660868988	0.9725500559800616
mp-bgjvx	0.7836344745633781	0.8619594627683881	0.9933785805334792
mp-clggb	0.7307194799595951	0.824736987224425	0.9866883351292942
mp-liq	0.6116250580054761	0.814438921464353	0.9651956654239638
mp-clfly	0.993342972103934	0.8326532854044241	0.9987415663192312
mp-cehwg	0.8568698011382101	0.8939004538189741	0.9973911100152032
mp-bpqaz	0.683575345678299	0.79021944555901	0.9762152632185588
mp-bewbx	0.793892626146236	0.8398373765410221	0.9927855530316018
mp-bplz	0.547054156659254	0.8683447201107121	0.9573445166502462
mp-bkpsv	0.765255592153366	0.843405131440571	0.9911347252635008
mp-clfzi	0.969186216888132	0.781481204261094	0.9971501816611776
mp-bflr	0.7801749564140721	0.7830333000946571	0.9876743455490572
mp-mgv	0.788358759212284	0.880816208722318	0.9945114876783584
mp-bizmh	0.701932326467528	0.7776037229821651	0.9774081645443546
mp-clfzb	0.8898876134802821	0.724795274698103	0.9911167040378036
mp-nsw	0.620791591882488	0.9361483576756212	0.9838410598808898
mp-bpguf	0.943585979903754	0.527934461435123	0.9655108609408016
mp-bfykn	0.647020162616151	0.783099791490778	0.9677306757228328
mp-ckukl	0.762587314980648	0.966515531545425	0.9964636168237158
mp-mdc	0.608049404581401	0.8426632928706621	0.9694461576662156
mp-cpqxo	0.93663122740496	0.6329542173114191	0.98550827473482
mp-bgkyi	0.707664207178054	0.696247747407133	0.9633289830314616
mp-bfxuf	0.9426156556662272	0.7974141649888711	0.9969623343169164
mp-bprb	0.8950775061878461	0.7408447277226851	0.9925433351534072
mp-onc	0.620791591882495	0.811852075097351	0.966981457416522
mp-dbpxu	0.6500199531206391	0.810503853244068	0.9731580509906778
mp-sdq	0.7048023094450401	0.7728220276283481	0.9771681261446716
mp-shs	0.6980933013265711	0.7347644954913941	0.9694680707819772
mp-catn	0.7385793801298061	0.8330765488399031	0.9881858161546052
mp-cktaf	0.7814745931245921	0.8598852298574061	0.9931485846857104
mp-btvw	0.638992668026489	0.9004189876028531	0.9829023407688972
mp-cpqzq	0.8064535268264891	0.7211142824220651	0.9837751974620276
mp-hby	0.6182494985118631	0.8410301565370991	0.9714732517007962
mp-clfxg	0.962737201635152	0.8718354693586371	0.9989274802097496
mp-bvuq	0.832615177327179	0.636074739832586	0.9738547071637668
mp-btuf	0.7630327505883251	0.823397115770586	0.9895511638378742
mp-bjlqx	0.8701677331788911	0.6973678954960311	0.9872269106243012
mp-clhjw	0.898581307937328	0.807792137929179	0.9960103344553196
mp-cljre	0.9798536311695332	0.843587551029438	0.9987311903741178
mp-bftcu	0.7513591135859561	0.8564019959414481	0.9909710696543828
mp-bmlwz	0.9804379483484492	0.9340062226669872	0.9997385013532684
mp-bqwle	0.868048543559866	0.64514543112384	0.9802547709575892
mp-utw	0.83261517732718	0.7604595173938661	0.9900291220037092
mp-ucx	0.986669620310276	0.777116864663504	0.9974301189351096
mp-bctk	0.8298696935515131	0.6852562165753291	0.9817328523543122
mp-boij	0.734889870515074	0.761005002066342	0.9800315461109412
mp-clfqj	0.9221639627510072	0.813772242996411	0.9969182957631246
mp-bftkq	0.560068419417323	0.8471142507304801	0.957057834352722
mp-ckxys	0.734427517361935	0.8984869642948211	0.9923071713948652
mp-bimfr	0.8275023082284411	0.8618062927786171	0.9954513248263548
mp-bkpor	0.9753661965197352	0.903979339968858	0.9994447751638526
mp-bkpfq	0.584932758278594	0.801507139647959	0.9547317441009876
mp-bjnj	0.8076931850895851	0.8952620728584041	0.9958945708876143
mp-bpjtp	0.7993720270248581	0.8437752132742741	0.9933120888257168
mp-nvp	0.7806084765308681	0.8384453428246351	0.9918756264652616
mp-bfnoh	0.855031245528962	0.892887557782119	0.997318456460666
mp-cpqvq	0.7162002607045831	0.772184018378075	0.9788560289577524
mp-bfnzr	0.542882354022257	0.8553381603115721	0.9530548597597044
mp-cized	0.9758508168009912	0.9801980010330332	0.9999907256017808
mp-cljrr	0.8472036155919781	0.8235640730092171	0.9946859080633548
mp-puz	0.717615549686162	0.848472995102114	0.9874568745129928
mp-bfzda	0.8330059337171251	0.8702951850402271	0.9959693243218296
mp-bils	0.8122125244230061	0.8209148059176891	0.9927851081889312
mp-bilk	0.8915212816511521	0.83329913074481	0.9966579168364772
mp-bfnor	0.7138367108443411	0.7405367756362811	0.9735353320975414
mp-clfeq	0.9155893012230072	0.8210319975443611	0.9969595423351648
mp-bmoho	0.844556904193674	0.79989693100434	0.9933818440304498
mp-cqpkx	0.800628661885863	0.74397537473048	0.9857752406419784
mp-bgkap	0.8175001047143811	0.716963036633645	0.9844573012014156
mp-bmipm	0.8757472358863481	0.6588441645163341	0.98312883209054
mp-bmyuu	0.99013558731086	0.871225953403148	0.9992376389860812
mp-clfqh	0.96565516049961	0.783167177161597	0.9971143278781918
mp-bqvme	0.974050951842016	0.600301261589789	0.9844183091839992
mp-bnqiy	0.6044679452012051	0.8229278784235551	0.9649931515163664
mp-bpnt	0.8626871855061441	0.7680756666270031	0.992494861098836
mp-bhxt	0.592661803754823	0.8869207974777871	0.9729890449269746
mp-ckxuy	0.8056254069098461	0.828445769820873	0.9928317410182722
mp-cljrl	0.8583336037246191	0.7783102476971401	0.9928804783685314
mp-cksux	0.849082709496736	0.943928452842111	0.9982629050836368
mp-hyq	0.788358759212286	0.7215459948340751	0.9817339897360056
mp-cikre	0.8146601955249151	0.850086032350822	0.9944035767518324
mp-nki	0.6485207907885171	0.8221968552126271	0.9746865289076811
mp-cprpr	0.9306373109379812	0.7989655799043991	0.9966868758228876
mp-cpbem	0.8788394504570731	0.800398766023198	0.994984408240954
mp-bxjuc	0.789640586171342	0.7660626207768071	0.9869586735296356
mp-bqtf	0.678695055045156	0.7634034121148691	0.9708890549388606
mp-bxgu	0.784496253172673	0.703224795834373	0.9785954185702704
mp-biur	0.7581172019028231	0.6663499732623941	0.9672587386932064
mp-bcuea	0.8093413367405491	0.815645035903911	0.9923048682776456
mp-clfyy	0.826710301995052	0.780134557668118	0.991090471384186
mp-cljua	0.7710007951851481	0.847970414810142	0.9918217443620612
mp-bhyd	0.6830882137013831	0.7460436091006021	0.9685400521908792
mp-clfqf	0.92659342797966	0.8151891459282381	0.9970769516877692
mp-cgadx	0.5875115294876381	0.813640658033812	0.9583201024876352
mp-bmysa	0.5663011908440301	0.8878464439805701	0.9667827208349244
mp-bevsg	0.970262763801458	0.768640984368217	0.9967745355806806
mp-crujl	0.747274384069129	0.853335383069128	0.9904555439624524
mp-clfzt	0.773197173367134	0.83074271077807	0.9908646265679
mp-cpqcp	0.9361200230004212	0.5381665145356881	0.9671993672915544
mp-cjjud	0.7481840126976881	0.798109511543142	0.9859711423494406
mp-clfrh	0.817904416869871	0.8429503353114761	0.9942292075140412
mp-cqpit	0.700973888327979	0.795199247248443	0.9797035501597424
mp-bfqgi	0.6713380445658611	0.6893960381187161	0.9520654100937312
mp-bqpk	0.962139885508852	0.7614733820963261	0.9962961905845364
mp-crrfv	0.945265308993357	0.8929591303706491	0.9989943823538112
mp-chpct	0.7052798569310641	0.6723067883196411	0.9566847931696516
mp-bpco	0.944308616327474	0.8051250212211251	0.9972318092162908
mp-bpjes	0.581835165467406	0.810447996290649	0.9558358752617376
mp-bcslq	0.906651955377792	0.8498823845481811	0.9975205775467032
mp-qle	0.550701784949933	0.9460445245325152	0.9719478597804392
mp-cagm	0.75181160081788	0.762380769061177	0.9824471017860168
mp-brhra	0.8113938902440561	0.8353035928278061	0.993522440813528
mp-ugl	0.9899275261921232	0.8640344722551161	0.9991480994524916
mp-cjahj	0.9541811295273652	0.7868626010270621	0.9969376234256474
mp-vgm	0.558508705970838	0.8489144854193631	0.9569420579298452
mp-bjsa	0.8376664040605131	0.8558298823145921	0.9956214309192816
mp-bgry	0.982001324463982	0.925095386979018	0.9996829768759582
mp-bgwv	0.996315495304464	0.928868148757224	0.9998075769061552
mp-bgyp	0.8039651488473021	0.627169045646589	0.967036917696203
mp-bgzd	0.940404057461502	0.532941825175769	0.9664304215330513
mp-bhdr	0.968274943374096	0.768251830224003	0.9967084286951554
mp-bhdt	0.92604626886219	0.6084608814572441	0.9809511933995444
mp-bhfu	0.7968499056913511	0.576960857408594	0.9509240810014192
mp-bhhz	0.965272722178762	0.884817063242421	0.9991301625279596
mp-bhii	0.8187119948743451	0.6578797023605111	0.9759014703695988
mp-bhjj	0.8812212555057231	0.7029571244503591	0.9886680725589924
mp-bhjp	0.8528121352158611	0.6176824932342591	0.9732022395571244
mp-btey	0.8235279807847231	0.893149079551088	0.9963896580412696
mp-bttx	0.8889022789955151	0.770284565465114	0.9939606426453264
mp-epa	0.8223287443137951	0.723513597499796	0.985692713167174
mp-btui	0.8175001047143811	0.647813975181308	0.9738297328159078
mp-btvp	0.885923284779017	0.7028752370550251	0.9890125391011538
mp-btvy	0.973212022771688	0.8345020948450521	0.9984767739993552
mp-btwf	0.8089298065451671	0.7617733879114991	0.988281534973607
mp-btwm	0.7567706260290851	0.6901500516900381	0.9719675331511654
mp-btxc	0.9114690517651852	0.58888434183875	0.975632375730297
mp-btxp	0.799791234222824	0.7571004803580461	0.987034768364052
mp-btyx	0.970794077947515	0.8643793211892791	0.9989250638941082
mp-btza	0.907563897864277	0.6187989857793	0.980593721035682
mp-btzd	0.879522049013236	0.672060009506665	0.9852077193701676
mp-bubc	0.734427517361938	0.656861386961622	0.9597897578002296
mp-buff	0.801882329663344	0.7555655478345531	0.9870781470490256
mp-bugr	0.8694629562516291	0.6811650637747111	0.9853574326713628
mp-buhl	0.898897219769285	0.564189394227108	0.9680892195655888
mp-buhy	0.9789613721168132	0.8577600546488131	0.9989343880590644
mp-buik	0.8561355501297331	0.6408668399528441	0.9780669077590626
mp-bukc	0.950159385701096	0.8823946619643881	0.9989128019288558
mp-buma	0.82631376124427	0.7234730408973321	0.986071401511144
mp-eqw	0.7213791155194501	0.8202481214831111	0.985249271572274
mp-buqe	0.8361188023797571	0.8014807798287811	0.9930199397180692
mp-butn	0.965845613792774	0.777128218199806	0.9969334649425308
mp-bvez	0.8294760311668571	0.608871760906327	0.9673259964901716
mp-esv	0.7960065893996091	0.6854286858461891	0.9773752251730377
mp-bvgz	0.974382885769196	0.574523332483723	0.9803757253013824
mp-bvia	0.8528121352158601	0.5538806359084191	0.9562698043157544
mp-bvjm	0.9646952385108212	0.70842701076596	0.9939168432910508
mp-exq	0.7853567838422151	0.914406675049554	0.9956851847640718
mp-far	0.747274384069129	0.805239373575871	0.9865660475983568
mp-bzea	0.9363758644725112	0.5506109670621341	0.970515241845467
mp-ffk	0.7762595064441531	0.7870036071937321	0.9876763440889011
mp-fft	0.825121993675014	0.744753764391177	0.9880953728964552
mp-cbmz	0.868048543559867	0.580587800088163	0.9670913500554524
mp-ccmu	0.790067227195924	0.668586546257517	0.9734715003782268
mp-fnp	0.7481840126976881	0.650866172796293	0.961412217095184
mp-foy	0.935091877334762	0.761344182263004	0.9954108505043304
mp-fps	0.6884355052060811	0.800298480238913	0.978463253093838
mp-fpt	0.777131739368347	0.5979451403960401	0.9529737973104626
mp-cfou	0.925497240897346	0.656144085432792	0.9873266960620974
mp-fvc	0.729324777242157	0.709614203146807	0.9707183531035471
mp-fwl	0.9026539428555612	0.908157008582647	0.9986096935678616
mp-fxa	0.717615549686163	0.66221803217635	0.957098295176368
mp-chmf	0.909976054662726	0.522102771352526	0.957498656260908
mp-fzs	0.898581307937328	0.6327863848805481	0.9817976152227228
mp-fzt	0.8869201048632521	0.746041390357544	0.9924354237927634
mp-cian	0.9788108229788112	0.6758049414359161	0.992474779362641
mp-gam	0.7567706260290851	0.813974636216189	0.9882572879762214
mp-gce	0.8921717459667041	0.8536638503212021	0.99726436659409
mp-gde	0.924946346493432	0.915047729951276	0.9990256936001866
mp-gdx	0.8921717459667041	0.7883187065430031	0.994981827723588
mp-geu	0.717144024644902	0.7356594106954091	0.9732795919938692
mp-gfn	0.831440721353447	0.792348660977762	0.992205073934644
mp-ckgv	0.9014087375955572	0.5893715470406621	0.9743630380079766
mp-ckwy	0.9469207120756312	0.692368023000241	0.992012917625312
mp-clsm	0.9935122031987272	0.6110950271216951	0.9873852123908236
mp-cltm	0.7753860617106081	0.6057132725781941	0.9550055434333432
mp-clxc	0.94015590593346	0.644785741671677	0.9872148778675466
mp-glj	0.765255592153367	0.7595935336313531	0.9837246639849192
mp-gmi	0.644515898472236	0.7668329180810111	0.963874630947264
mp-gnc	0.924393588066941	0.8070644588003321	0.9967718350784102
mp-gnx	0.929301107140129	0.7881806390904611	0.9962793444197346
mp-goi	0.8407438063507591	0.7261135707548311	0.9876400930177008
mp-goj	0.8655577973649311	0.7359417883065711	0.9903989367308622
mp-gwu	0.927953133835566	0.846370595961871	0.9979031494042416
mp-gxf	0.935606905560094	0.7160815084392671	0.9930436976569054
mp-gxu	0.982001324463981	0.8908404854158881	0.9993738786497804
mp-sf	0.762587314980648	0.736013948020929	0.980401269981865
mp-hep	0.991722602497664	0.5900788811397231	0.9845104183212264
mp-hff	0.651517634816387	0.7513855353801111	0.9622973575703692
mp-hfo	0.747274384069129	0.676351088794308	0.9673231594149416
mp-hgt	0.8031330179841061	0.691363403967423	0.9793015605622588
mp-hlg	0.8694629562516291	0.7514143637625911	0.9917922609813312
mp-hlw	0.8399766893612091	0.775665005989961	0.991640792277577
mp-bcrzg	0.9114690517651852	0.694397978388488	0.9900460985992684
mp-bcsex	0.680649552828377	0.682047695021134	0.95266548743156
mp-bcsgf	0.7670286324002951	0.714108767040854	0.9777975699090924
mp-bcshe	0.644515898472234	0.774192279703186	0.9653949413810216
mp-bcshz	0.8637666587785161	0.7085594535447101	0.9878329136354264
mp-bcsls	0.8641256858988421	0.7419933210931441	0.9907739287544663
mp-bcsnk	0.940651726032496	0.8884434135711881	0.9988717661207054
mp-bcsoj	0.994404259244643	0.8807366184430041	0.9993854075121312
mp-bcstv	0.8872515300993671	0.757109289019481	0.9931410848989934
mp-bcswm	0.988298631031912	0.725684133822824	0.9956703166416266
mp-bcsxa	0.8924963332060861	0.8097321378707251	0.9958766259360916
mp-bctag	0.950614170999705	0.7180831038227931	0.993861353810226
mp-bctbg	0.8869201048632531	0.8267081332929631	0.9963010356094968
mp-bctel	0.9627372016351512	0.5046653712889411	0.96154455869475
mp-bctgt	0.873319091142696	0.5742721298221031	0.9663672002257346
mp-bctgz	0.9179036806841352	0.690678765334603	0.9901501124115394
mp-mzl	0.882573097937387	0.75356853375411	0.9926792394895066
mp-bemy	0.793892626146237	0.8079290230050281	0.9907807099685796
mp-sdu	0.991531765936507	0.8500463153883541	0.9989809133577212
mp-bpgho	0.7486384190149721	0.6469375400728461	0.9604861020917564
mp-bxdsz	0.7119416468825901	0.89746384959539	0.990592249137046
mp-ons	0.7806084765308701	0.9344080317948392	0.9961613689744384
mp-cljsw	0.948320518392618	0.761100024616254	0.9958522370147608
mp-bnhwv	0.763922755972533	0.8868237385327181	0.99351412431847
mp-iln	0.903892083174558	0.8556517820232591	0.9975980170352684
mp-kpb	0.6243449435824301	0.787456611148943	0.9630547511701806
mp-ckvhy	0.9733808471946	0.747360195331341	0.9960966882663256
mp-clezq	0.953301304678418	0.793624835780754	0.9971203487060492
mp-cehvv	0.765255592153366	0.8538129263036011	0.9917916513761152
mp-loz	0.579768301199242	0.8540434774403141	0.9643351337284606
mp-bjqvv	0.956131575366118	0.820818344010082	0.997893137705735
mp-ckxan	0.847580197526219	0.704745376232305	0.9860201737564476
mp-bhra	0.6505193455979601	0.7653606219968171	0.965039651749297
mp-crieu	0.942615655666228	0.896179987941481	0.9990036685551829
mp-betjf	0.869109959852522	0.7623807276618391	0.9924956260656724
mp-cjksa	0.920755390972653	0.8370494055888411	0.9975266886561868
mp-cpkay	0.986908748738563	0.9471160208862732	0.9998674232833452
mp-bqvhk	0.8934675109806691	0.8788318996705671	0.9978964874810948
mp-jdq	0.9042005118087252	0.8109129754023011	0.9963036748598147
mp-brnei	0.894434805389766	0.5400273071661	0.9603526034534922
mp-bkpoz	0.974382885769196	0.7199781147682791	0.9949223783379062
mp-ixu	0.8072803024880321	0.839542643153356	0.9935218928795672
mp-byji	0.7634778977483381	0.7325894168933921	0.9800432852218706
mp-bkpfe	0.901096334941153	0.85982955377805	0.997634277777846
mp-bnsyh	0.7857865800197691	0.8648567502776641	0.9936422945146228
mp-cehvk	0.981013835793042	0.800623454850226	0.9979125964363414
mp-mdb	0.81384568064535	0.8626725338923	0.9949140848640836
mp-bghxo	0.9284937331402692	0.8356267237339741	0.9976653533876968
mp-bpys	0.939158475701328	0.8458212235358471	0.9981104712212286
mp-cpeaa	0.866271449393689	0.5545202838880621	0.95931990190539
mp-bgsio	0.6289036941070311	0.782869686940016	0.9632804391092264
mp-cdmyg	0.8134379067267661	0.961731128007665	0.9978334353831574
mp-bkoyv	0.9093757064030472	0.8745167232788531	0.9981279608123872
mp-izs	0.7028898788330991	0.702842651549898	0.963759808887196
mp-bfpgc	0.8757472358863481	0.625320176697305	0.9778831617370916
mp-cprnq	0.7599086713103541	0.7710591683272691	0.9844163668290712
mp-cpixl	0.996315495304464	0.9495141973058012	0.999934478876977
mp-clfmq	0.943344127850278	0.8828866325037561	0.998828075636048
mp-ckvum	0.6728128869100971	0.745561701505697	0.9661808435216926
mp-bfwzj	0.745907908624944	0.806493464165508	0.9865455893068206
mp-cppvb	0.6540104405322761	0.8182547690997851	0.9751250428204832
mp-clexx	0.918764020021071	0.818286730472444	0.9969627811426248
mp-bkkso	0.677716628243433	0.7494832290579331	0.9680609665474346
mp-clexj	0.982416608370653	0.8690271841724321	0.9991271380096024
mp-bfokm	0.901096334941152	0.9015907892680152	0.9984763820749144
mp-ckkvk	0.9350918773347632	0.860944040962989	0.9983350551450022
mp-bcml	0.579251365026046	0.8234164506838411	0.9579492120423786
mp-ctfem	0.8072803024880321	0.843366116022313	0.9937159868205372
mp-bihu	0.8539234369131301	0.718126531266124	0.987963266447934
mp-qny	0.636475967758664	0.9516598892337712	0.9871681888579918
mp-cre	0.8905423659392311	0.9394772458611992	0.9988857517076803
mp-btxw	0.98749722332535	0.5581777508114331	0.9787821716298764
mp-bfopb	0.9660355562291052	0.5451354601009291	0.9733897869434236
mp-inu	0.894434805389766	0.9402753066087032	0.9989503412425164
mp-bfqa	0.7119416468825901	0.939271160573328	0.9929595859444548
mp-bfsop	0.982278709228898	0.882091351581297	0.9992816352419328
mp-dazeh	0.982690819416637	0.568820322289964	0.980238730428991
mp-bfpc	0.999854978657378	0.5696718887852921	0.982109603794778
mp-jqy	0.9129507682357392	0.556258358245823	0.9683200123286853
mp-dehyf	0.668383301338194	0.9013771493082612	0.986719762263402
mp-ckygc	0.8898876134802821	0.843511292696079	0.996920664379162
mp-nrg	0.512565047721665	0.952874555848668	0.9623848768386096
mp-clgdd	0.8014647708445121	0.828970235847398	0.9926173128540065
mp-ftr	0.9546180545235332	0.960526548683792	0.9997470123782884
mp-bskwx	0.8195181748520821	0.5787734566768541	0.956934114140568
mp-boor	0.6510185730123651	0.902436282133938	0.9847282954274144
mp-bgreb	0.7810416889260651	0.7220783854317311	0.9808896260226412
mp-cixyv	0.7513591135859541	0.9602354502176632	0.995844375521076
mp-nof	0.8227288438619751	0.8506972402004731	0.9948001099393065
mp-cprxm	0.9173278291889012	0.7408037473939081	0.9936576575553284
mp-cplac	0.8546623647861371	0.8913808270530291	0.9972707051358564
mp-bfrkz	0.991817211979228	0.6489381861070911	0.9910742152187432
mp-bfaul	0.710042864205903	0.90872296239834	0.9911483696507066
mp-ckxxs	0.976330740626792	0.6157986694374451	0.98664554711385
mp-bggeq	0.978961372116814	0.5166181838778361	0.9678813677029824
mp-bjozh	0.658983316916205	0.71549444808256	0.9556475741162396
mp-bmmjh	0.815473330150924	0.789319104132379	0.9909790689073537
mp-ivb	0.8089298065451661	0.9316315586285692	0.9970233335089884
mp-bfvoq	0.996378670964722	0.941356781911523	0.9998874631628084
mp-bssz	0.694240373315683	0.834645225471164	0.983472735232936
mp-bfbaj	0.816285080956562	0.7988553408909741	0.9916819595935212
mp-bchn	0.7133632953029451	0.7995766436267101	0.9820000296799524
mp-chhwm	0.810984060707682	0.602972782139867	0.9622131391663428
mp-cjmny	0.849082709496736	0.7935770481374671	0.9932683220016306
mp-crkfp	0.7968499056913521	0.699041583416522	0.9796328745221058
mp-mxk	0.7603558273349971	0.786892502123339	0.9861241052145494
mp-peq	0.5193683076507021	0.977832447265584	0.968483705880902
mp-cesxs	0.7509063507079441	0.626681961390112	0.9553259617116086
mp-bfxie	0.718086836085292	0.7666170703050541	0.9783532901056352
mp-tgc	0.830262994193604	0.871786044159747	0.9959215195452252
mp-clfsv	0.883918227765298	0.8451874321767341	0.9968015497833984
mp-bgjei	0.7656992897590411	0.8439846432104471	0.9912042474967906
mp-mna	0.599854990257203	0.840422170578183	0.967077408681905
mp-bghkl	0.9662249876003072	0.8817059732695671	0.9991021711961564
mp-cehvq	0.72792781118175	0.856675629620509	0.9890890181996476
mp-bsom	0.778002756657146	0.805656275270057	0.989400165615758
mp-ckwjn	0.8557678386046421	0.587430728376515	0.9666837326472658
mp-cpshx	0.707664207178055	0.8434982753180661	0.9859631156253597
mp-cdkqn	0.851697351405252	0.9394457254053652	0.9982343411963448
mp-bqzhq	0.663938758987855	0.697889709725928	0.9522978061401832
mp-bdru	0.7696793981943411	0.9213759603534212	0.9952763970185472
mp-bevfn	0.7481840126976881	0.8699131732829231	0.991594653679505
mp-bevfw	0.84833221748924	0.7937464611547761	0.993238361907052
mp-bevfx	0.683575345678299	0.741993853611696	0.9678445100549028
mp-bevgo	0.956131575366119	0.732704211465778	0.9948641249295312
mp-bevht	0.7330389174609511	0.751234335711612	0.9783865821204164
mp-bevhy	0.7879308504927021	0.604551166185443	0.9576321592808132
mp-beviz	0.98442152871839	0.5502063913702661	0.9768316794793396
mp-daqks	0.8539234369131301	0.667112759396928	0.9819217786411474
mp-bhctd	0.9789613721168132	0.554631650482461	0.977101306782852
mp-bhdne	0.7119416468825911	0.6847539203439741	0.9615706264435836
mp-bhfbp	0.8612423214266751	0.7413743553316161	0.9905338678175576
mp-bhfik	0.9093757064030472	0.7621240920962671	0.99444595957612
mp-bidvl	0.959910748660868	0.744953786307862	0.9955646308710362
mp-bidwj	0.9667902132486	0.748305738837296	0.9959299012486964
mp-bidxk	0.9693669288269372	0.7858195220979071	0.9972810690294944
mp-bieiy	0.976330740626793	0.5849254860173041	0.9823189542937945
mp-bifig	0.909676105162926	0.858953377463966	0.9978033961120968
mp-bifje	0.946685694163918	0.7166204764767451	0.9936003944037388
mp-bifjm	0.8998423292435451	0.7716025496582251	0.9945122147545864
mp-bifmq	0.90573599940068	0.706619866812356	0.9906929601212132
mp-biiwl	0.880542824471191	0.673976159062311	0.9855327495639088
mp-biixw	0.9821402812094072	0.721387803415374	0.9952691883145004
mp-bijrj	0.909074858712511	0.760383282003501	0.9943450983100274
mp-bijvp	0.628397724304092	0.796024109828066	0.9658119856468416
mp-biknu	0.6374831007188321	0.7635731269125371	0.9613619340717112
mp-bildk	0.857236339816401	0.676748285763468	0.983597098430382
mp-bildw	0.9863069253024712	0.562707693490617	0.979509101202968
mp-bilow	0.8333963249252341	0.608894233422809	0.9680354144443994
mp-bimii	0.98282713102016	0.771883087874572	0.997191426011666
mp-binjl	0.9394085563309832	0.546340192079646	0.96989039128432
mp-biooy	0.9808706547746052	0.750174272808087	0.9964230197959528
mp-biopq	0.984679831201814	0.6099358559708521	0.9865762947208774
mp-bioqa	0.95196665927397	0.6914314391865041	0.99221437515499
mp-bipqw	0.9093757064030472	0.8768097153869001	0.9981732533751289
mp-biqem	0.8158793787539771	0.881109508932668	0.9957112152802688
mp-jaf	0.9607284204107492	0.5513107811911431	0.9741050444335216
mp-jah	0.944068224406772	0.6134193941163181	0.9835421925692104
mp-jan	0.7090920887581501	0.667512432630406	0.9563616763932756
mp-bizfo	0.8361188023797571	0.6713690251920861	0.9804590839951338
mp-bjawo	0.9158801971034832	0.6456161999661291	0.9852749273830526
mp-bjaww	0.863047408187795	0.6175026024774071	0.9746826177854976
mp-bjbao	0.7486384190149731	0.6879690074211801	0.9700530792044874
mp-jcy	0.810984060707682	0.89844301153017	0.99612207879618
mp-bjbhf	0.945265308993357	0.902058928101408	0.9991109261641916
mp-bjbxy	0.885923284779017	0.8028969701219121	0.9953687613243124
mp-bjcbr	0.928493733140268	0.570506602671724	0.974051203260275
mp-bjcbx	0.984550945644864	0.794842869160698	0.9978444340435294
mp-bjdgi	0.9173278291889	0.519914963206785	0.9582094092494378
mp-bjfkh	0.9335353505822452	0.7530672384914021	0.9949794547339192
mp-bjfwq	0.8976309512699521	0.656949390086347	0.9850323973792228
mp-jeg	0.9539619198114152	0.689562199058929	0.9921853126243944
mp-bjhgv	0.8565028711085261	0.6451022490785671	0.978831719770346
mp-bjhlm	0.971495267946432	0.595538205887252	0.9834965070981778
mp-jff	0.955052985342496	0.768402844249321	0.99634057533586
mp-bjkae	0.924393588066941	0.674072591126689	0.9890849433208928
mp-bjkah	0.872621645273523	0.7236361062653931	0.9898820447199588
mp-bjkaz	0.795584444111171	0.7623047449312881	0.9871501172198174
mp-bjkgk	0.6884355052060801	0.785171586042766	0.9762908642428098
mp-bjkkd	0.95483576932461	0.715532766226957	0.9938994896640604
mp-bjkkr	0.991143625364344	0.5911516120141741	0.9846133332635624
mp-jgg	0.9601159236829352	0.718639604594542	0.9942959589536432
mp-bjosr	0.7413355379962221	0.704758525993319	0.9720054230793818
mp-bjoxq	0.8973132931483051	0.745028963544342	0.9929261986683374
mp-bjpdo	0.662453989340238	0.811205428095317	0.9756208392404347
mp-bjpfz	0.980582710894426	0.7578927336469261	0.9966879672775528
mp-bjpgm	0.7385793801298041	0.7256039670498481	0.9752436519831984
mp-bjpht	0.8227288438619741	0.739896374735691	0.9874276556846358
mp-bjpru	0.83222405618391	0.754609483006866	0.9895262606045044
mp-bjpsg	0.931961708596417	0.7221903922406191	0.9932478108529008
mp-bjpth	0.92659342797966	0.8297151894464411	0.9974748207221494
mp-bjptj	0.917615983920083	0.8104832554865731	0.9966900229766597
mp-bjptn	0.939907271720499	0.665480674608078	0.989341602772328
mp-bjpue	0.98896466991536	0.7277874306557811	0.9957822392317064
mp-bjpuv	0.967906837919245	0.525163181283337	0.9685883332275754
mp-bjpvo	0.98749722332535	0.552740834817466	0.977710686976777
mp-bjqbn	0.90573599940068	0.745449277534676	0.993374485519095
mp-bjqdu	0.798112437482808	0.7862415138406571	0.989470556777862
mp-bjqex	0.7486384190149721	0.6703509979562601	0.9662525990585172
mp-bjqij	0.7558715000571721	0.618759550440346	0.9541759187032968
mp-bjqik	0.673304122722418	0.7521356476297131	0.9676201299603346
mp-bjqir	0.8889022789955151	0.8574238783495841	0.9972805439802342
mp-bjqjg	0.638992668026489	0.8289604822674581	0.9738719043569862
mp-bjqjp	0.968458225920962	0.82172972795315	0.9981464041052672
mp-bjqjr	0.935863703269254	0.8185403730128601	0.9973984174928012
mp-bjqju	0.9603205941314752	0.665969834840571	0.9906916991115196
mp-bjqkf	0.955269702338992	0.7876429396497611	0.9969897863240216
mp-bjqlg	0.946685694163918	0.851503066681477	0.9983569847493006
mp-bjqlj	0.9464501864065732	0.6623228010660961	0.9894844053277037
mp-bjqln	0.904816038973056	0.8270915088334571	0.9968471140208937
mp-bjqlr	0.973549152497372	0.7441610218190271	0.99597494757414
mp-bjqlu	0.99448210394544	0.79561790372508	0.9980501208230556
mp-bjqlz	0.967906837919245	0.6719256152109081	0.991613785101374
mp-bjqmf	0.986062461933784	0.624405986294944	0.9883554704255584
mp-bjqmh	0.959705069290276	0.8449565774273511	0.9984516190268218
mp-bjqmu	0.959910748660868	0.7843379899134441	0.9970064767476098
mp-bjqnb	0.9778965073991652	0.6457223844192801	0.9899611938985076
mp-bjqnd	0.98749722332535	0.8205699255069671	0.9984443930057024
mp-bjqnx	0.9473892773317952	0.6038350772658521	0.9824369142925254
mp-bjqoa	0.9791113960149452	0.664249310872671	0.9916235026048184
mp-bjqug	0.7385793801298041	0.667285207931804	0.9633881854775632
mp-bjqwe	0.960524759782044	0.726135607194701	0.9947052964627155
mp-bjqwf	0.9856917695163652	0.6870140500328381	0.9935458780504168
mp-bjqwo	0.9664139076986472	0.6123936465755061	0.9854063309539924
mp-bjqwq	0.971495267946432	0.497143365100733	0.9605639960453612
mp-bjqwy	0.8426550523028911	0.593202324241717	0.9657916854163248
mp-bjqxn	0.7513591135859561	0.683388434377441	0.9696248697871114
mp-bjskd	0.6678901946962931	0.687537432173651	0.9504978888752936
mp-bjtwh	0.8818980143173211	0.753135770779479	0.9926154071579856
mp-bjtxp	0.960524759782044	0.713327176498831	0.9940186820820632
mp-jhx	0.6864938912879041	0.7953092112318001	0.9774512042147662
mp-bjveq	0.7540698849295301	0.6326883884779431	0.9578520271811732
mp-bjvhw	0.988298631031912	0.572512358735305	0.9814556185569072
mp-jin	0.8673389139996701	0.5369554490118851	0.9536618962482052
mp-bjyhx	0.7692383404133301	0.739575045527856	0.981740345231085
mp-bjzyb	0.87505553481523	0.7110044552410271	0.9889506882561276
mp-bkadb	0.962737201635152	0.772442011850041	0.9966990982122949
mp-bkcle	0.890869099931709	0.8044154126889561	0.9956132506405984
mp-bkcnf	0.682113347945948	0.7070354354229	0.9597216978228106
mp-bkcoo	0.95866911512311	0.868630644224408	0.9988270672867876
mp-bkfrb	0.6889203934092331	0.7753738551564661	0.9748603349342831
mp-bkgpy	0.9625386034172292	0.688549580585408	0.992555611896412
mp-bkgri	0.7413355379962221	0.7952591846656151	0.9849388795827256
mp-bkick	0.953522007145732	0.504202848819163	0.9597250680485826
mp-bkien	0.7558715000571721	0.773767757714041	0.9842607541647824
mp-bkkgk	0.767913397489497	0.769064542747084	0.9850780801218648
mp-bklcd	0.983232888360808	0.506234468618602	0.96549023878078
mp-bklhd	0.867693930390508	0.578314577886566	0.9664380604938296
mp-bkofu	0.9120630943110072	0.7285761876861461	0.9926514493607584
mp-bkohq	0.8568698011382101	0.7203765623237961	0.9884156628322786
mp-jnc	0.94574072664606	0.8014990663750351	0.99716317680935
mp-bkore	0.8701677331788891	0.862519660720079	0.9969166684294144
mp-bkorn	0.998946515725541	0.800499687967253	0.9982341637175872
mp-bkppl	0.9129507682357392	0.886062646761065	0.998409989507603
mp-jnl	0.693757793226051	0.718051555007394	0.965089094023498
mp-bkptb	0.655504101639341	0.8169471170187971	0.9752062827863398
mp-bkpuq	0.8666276731112801	0.57946283195167	0.9665498702435842
mp-bkpvf	0.8341760100838961	0.773124438659432	0.9910899073495508
mp-bkpvy	0.931433368600812	0.6887994104492771	0.9908480435620012
mp-bkpzv	0.745907908624944	0.828852467997753	0.9885096276441226
mp-bkqbb	0.9821402812094072	0.846511604052333	0.9988086549231522
mp-bkqbi	0.7951619746781461	0.7256238500226431	0.9830675627109488
mp-bkqek	0.670846053945742	0.7853829789651141	0.9731366524946432
mp-bkqgc	0.8568698011382111	0.907321474846772	0.9977042250707906
mp-bkqji	0.9144211634523812	0.8331864355837061	0.9972744254314174
mp-bkqpm	0.7692383404133301	0.686902104968636	0.9734931808303902
mp-jnt	0.7307194799595951	0.8832542340290621	0.9911494111136342
mp-bkqvd	0.5880269980899131	0.8482662663100261	0.9654756025238708
mp-bkqwf	0.643513079612901	0.769430884295152	0.9641704135349308
mp-bkqzt	0.623330373690619	0.8070346541473981	0.9666913650019991
mp-bkrar	0.9426156556662272	0.5160708125480791	0.9616909856514972
mp-bkrbx	0.997681340622872	0.7826350385912381	0.9978047401570834
mp-bkrcw	0.8479563982961571	0.833468234759401	0.9951460602781236
mp-bkrec	0.6869796028689	0.7506304357236471	0.970224562755606
mp-bkssd	0.911766298814214	0.6473143845444681	0.985117438879944
mp-joh	0.7325755390387291	0.7660983863548201	0.9803929403968736
mp-bktuc	0.8472036155919781	0.570279255561112	0.9602657841917428
mp-bktxo	0.940651726032496	0.8205762633697621	0.9975610534541752
mp-bkuml	0.967536679996084	0.7550813108881571	0.9962176088867184
mp-bkvpu	0.999394512352297	0.5482546841432371	0.9781560527615356
mp-jpb	0.724659499307948	0.7659141815648011	0.9792379209863028
mp-jph	0.7417939742875811	0.6941410120993331	0.9700139547248244
mp-bkwvk	0.83222405618391	0.804139787844902	0.9929573514887108
mp-bkxld	0.7964284100805291	0.6471136666020351	0.9701915536125344
mp-boni	0.6100933583736501	0.8353462699499581	0.9686651303582589
mp-bmnno	0.866983494776674	0.75682080942047	0.9920120512898076
mp-lss	0.753618783365093	0.8529935941441891	0.990914873231028
mp-cpgbz	0.8882432563435391	0.901151884561683	0.99823866354124
mp-clfqg	0.7185578833254661	0.8304368070026971	0.9859294768076976
mp-bfohq	0.992910428323236	0.9358084358747352	0.999832228398422
mp-bfdt	0.905123136828214	0.855706661343222	0.997627426157761
mp-bpihn	0.9621398855088532	0.6295978241395821	0.9871860391746784
mp-xab	0.7367367022061571	0.8089510657971271	0.9858226825030658
mp-bgnmk	0.583384373358053	0.9562428855471092	0.9799901858852432
mp-bforh	0.746363670774147	0.7060733996720061	0.973139024349807
mp-bqyav	0.7028898788330991	0.744192545235961	0.9721649262451644
mp-cjhom	0.584416722356367	0.9050974320879712	0.9738249883962388
mp-cgaex	0.668383301338194	0.818913186812646	0.9777549257700684
mp-bttn	0.959910748660868	0.739895722623483	0.995341202286634
mp-cqpmp	0.962339497969014	0.820008848234671	0.99799577155474
mp-clhiq	0.908169625358591	0.825621482042577	0.9968954373995528
mp-boil	0.898897219769285	0.6436206183703881	0.9833985231392522
mp-oyo	0.537141271028869	0.8692373668816831	0.9541508902687512
mp-bkqiq	0.743625062862666	0.804300195401849	0.986099257958514
mp-cliqz	0.8743621885670431	0.8539381084096611	0.9967865784470344
mp-bfppr	0.772319517507513	0.8716980256988701	0.9932348174967208
mp-gvg	0.5193683076507021	0.901655155389658	0.9548175010046946
mp-bhdnp	0.937900854189705	0.8896772841740981	0.9988519729763456
mp-bgicl	0.5355746337343831	0.8756683400692831	0.9550111532985316
mp-ckvva	0.8333963249252331	0.7937447609611671	0.9924077562101676
mp-bmjnp	0.896357705962711	0.758164955964849	0.9936510117966194
mp-cpkub	0.931961708596417	0.911094044563988	0.9990631048799066
mp-ckvsi	0.8039651488473021	0.772096435988551	0.988771483612018
mp-clgcd	0.8852566213878941	0.8217997822295301	0.996075061927296
mp-bmhay	0.6525152594043381	0.8496283092115241	0.9791828186018022
mp-khp	0.722786461188447	0.96396134705194	0.9946681467752452
mp-bfxzn	0.778872554489844	0.842953484597126	0.9920363514183568
mp-bdayw	0.7879308504927031	0.7855376624873771	0.9885781181017488
mp-clfxx	0.93865686994345	0.8070448862782581	0.9971472285594318
mp-cjlun	0.8187119948743421	0.945155327806274	0.9976135757197284
mp-bgmja	0.8698155474893041	0.748499800694935	0.9916109139299903
mp-bjbnw	0.894434805389766	0.791967352395993	0.9952307810921812
mp-ckwdk	0.7213791155194501	0.763920408532876	0.9784674026765868
mp-bfhdv	0.7490925526697451	0.8747883369031331	0.991948821047596
mp-bgpv	0.7853567838422151	0.8490561915183441	0.9927921069139644
mp-cprsb	0.810573890139154	0.7107808658987921	0.9829412590358289
mp-ckeg	0.678695055045156	0.7611881003428911	0.9704868757030812
mp-bbue	0.778002756657146	0.735865454673837	0.9823415405117826
mp-bbut	0.883918227765299	0.6950732640786871	0.9881141069322504
mp-bbwd	0.8223287443137951	0.63615287333626	0.9722512263547648
mp-bbwi	0.93865686994345	0.7702487606572961	0.9959011144229276
mp-bbzi	0.9007834924354392	0.5494032494815271	0.9643709305505996
mp-bcbe	0.7736355521461811	0.618195243347757	0.9583216559099969
mp-bcch	0.8146601955249181	0.622539775869132	0.9679171839265734
mp-bcez	0.743625062862666	0.679944835186552	0.9673809158569252
mp-bcgm	0.911766298814214	0.6558250742628231	0.9861577864782806
mp-bchm	0.940651726032496	0.587347644886949	0.9789511539205972
mp-bchv	0.589057645132105	0.8858388733437331	0.9720294233806874
mp-bchy	0.89921269416153	0.593529050904531	0.9749238705821164
mp-bcie	0.575630410123609	0.848350431023913	0.9620733596059502
mp-bcif	0.8791809576443611	0.7048458841577191	0.9886909216561888
mp-bcjz	0.8215274852376141	0.6125789409755941	0.966777675108074
mp-bckg	0.8275023082284401	0.603201479201049	0.9655391834285778
mp-bclg	0.676247527722838	0.7275439375110611	0.9631012235556466
mp-bclv	0.962339497969014	0.558493730241991	0.9758867562309768
mp-bcmv	0.8915212816511511	0.7264550452359091	0.9913416843501508
mp-bcnm	0.77275849499389	0.727226939357815	0.9805294832178164
mp-bcnv	0.8921717459667041	0.7045599122761621	0.9896139045570554
mp-bcoc	0.665421910626108	0.7122821952110541	0.9566126290538264
mp-bcpt	0.772319517507514	0.679066713581967	0.9725273935080438
mp-bcqe	0.896995199323919	0.526918950066483	0.9565173158548992
mp-bcre	0.957197660312188	0.7000702418743121	0.9930653877679716
mp-bcrj	0.7563212035869421	0.6804067772123881	0.9699399131351594
mp-bcsf	0.7223175895924631	0.7310023232721811	0.973386728889564
mp-bcty	0.931697775303384	0.6414597175922271	0.9861385766051624
mp-bcuw	0.9309031361273772	0.660394218397098	0.9881956938193496
mp-bcuz	0.7934688647713151	0.5878460424572061	0.9537397934029364
mp-bcva	0.9750405095503852	0.6974644811026851	0.9937186346302384
mp-bdey	0.810984060707681	0.871479411659235	0.9951486586249024
mp-bdoc	0.666409772261493	0.7742931260290451	0.970332379481353
mp-bdth	0.826710301995052	0.754989736948183	0.989134777459522
mp-bdwd	0.965845613792774	0.689201287897227	0.992764740306244
mp-bead	0.584416722356367	0.7960250498230581	0.9532396240566888
mp-beat	0.8142531103936671	0.6659103273902071	0.9766789676657648
mp-befz	0.881221255505724	0.6777215858020691	0.9860326676946668
mp-beqf	0.964307701070508	0.6575947739473841	0.9902013395679108
mp-beuu	0.8590631488815941	0.8140069067544861	0.9947690161301912
mp-bfwe	0.9120630943110072	0.7959194435336181	0.9960155639610492
mp-bfxo	0.7509063507079451	0.616491073326607	0.9521805275039286
mp-bfztn	0.747729334216203	0.849820838402194	0.9902478986437896
mp-bjxwq	0.560068419417323	0.848746318611835	0.9574106654596686
mp-bkpox	0.846826652906402	0.61929166406664	0.972617049853494
mp-bpbv	0.7814745931245901	0.8633679248997691	0.9933293590967892
mp-bfsqb	0.7166722614785931	0.7019408940917451	0.9666040540310148
mp-clexs	0.9648882429441252	0.776822543066218	0.9968991066697256
mp-utx	0.722786461188447	0.67183259651228	0.960909527399842
mp-cjjtf	0.8199207394755891	0.72903973679522	0.9860604106238776
mp-cprai	0.9528584086849832	0.7177520691209981	0.9939403333217588
mp-cqqxz	0.8130297890850801	0.96294793798238	0.9978482651294364
mp-bqyr	0.98442152871839	0.8534039235580371	0.9989407572533536
mp-clfyn	0.891846728662919	0.8188666173510281	0.996187879174026
mp-cliqt	0.8743621885670431	0.855589295161976	0.996835481374473
mp-cpjrk	0.6835753456783	0.912890409664299	0.9891703651157102
mp-bghbg	0.559548580047435	0.829537170422985	0.9528988476767262
mp-clhjd	0.905429790416186	0.7901375386016891	0.995561777627044
mp-btgyv	0.866983494776674	0.717922895883317	0.9889729128530732
mp-crunu	0.8895595957318271	0.9279307510222652	0.9987077441622908
mp-crveu	0.922724152939513	0.7726116640599411	0.9954521992733104
mp-bdawe	0.9554859200764372	0.954437038068325	0.9997097161403375
mp-clipp	0.9158801971034832	0.7695574168338221	0.995063631446756
mp-bpxh	0.8784975278258791	0.7253425347636241	0.9904246783856684
mp-bdbdn	0.962339497969014	0.9385852873082012	0.9996404689384446
mp-cprfe	0.8275023082284401	0.7038034464106331	0.9839156408210328
mp-bdvu	0.675267160095628	0.948420100256498	0.9907611935108088
mp-buep	0.9199047085146412	0.6387821868900231	0.98476461562887
mp-bivq	0.990238811686472	0.512751944071688	0.968483349554037
mp-dbdwc	0.87087088636937	0.8628167187009721	0.9969450541465312
mp-clfha	0.910275554573514	0.776121587027473	0.9951437550565468
mp-uaz	0.6801612242000971	0.706516137635765	0.959090358169363
mp-tcy	0.7840655196243621	0.973020551116865	0.997316192475576
mp-bqvgz	0.8002101126629421	0.7383799563501791	0.9851230483437058
mp-mfg	0.605491800538671	0.8374536649767621	0.9679336454439492
mp-bqan	0.9114690517651852	0.8972729240889521	0.998575771401218
mp-cljsn	0.8960383071249821	0.7739224571675081	0.994464159344964
mp-bgot	0.9753661965197352	0.730531055861623	0.9954548899220026
mp-cjkzv	0.7090920887581501	0.910150115980548	0.991161791075195
mp-bbxx	0.711467298542651	0.7038477927643101	0.9659020742454478
mp-ckvdt	0.8158793787539771	0.6942109911128891	0.981332142696938
mp-bmkyl	0.6182494985118631	0.901298768381566	0.9797870821988078
mp-cljub	0.7422521454221981	0.844917270628999	0.9894445821014808
mp-brdzg	0.8641256858988421	0.7521468781834081	0.991518864725286
mp-cprom	0.679183974772651	0.8565577256852851	0.9838426464467324
mp-cljpp	0.9001564892428411	0.8150675202092701	0.9963206518723636
mp-bfvc	0.857236339816402	0.7564187347728281	0.9913915344099546
mp-ycp	0.9045084971874732	0.7685934142294321	0.994561405803688
mp-bfxlu	0.92439358806694	0.762929889449891	0.9950874385155573
mp-brjtz	0.8953982068865761	0.802099731805886	0.9956836927037426
mp-cqqhk	0.87505553481523	0.7591700519779161	0.9926220617363016
mp-bjzya	0.8064535268264881	0.787846281049541	0.990230973613642
mp-ucq	0.8715724127386961	0.8885495761634931	0.9976243795919212
mp-bftzt	0.747729334216203	0.6713073619317861	0.9662840594667156
mp-cpgqs	0.8698155474893041	0.576019207718459	0.9662095291629714
mp-cgiuz	0.515705379539067	0.93578087106792	0.9603213197526408
mp-cpmms	0.7964284100805291	0.942919117804017	0.9969400516948748
mp-cjkax	0.6830882137013841	0.7376480415918181	0.9668579626704052
mp-pli	0.9737169384954352	0.826232944981352	0.9983289631444744
mp-bpqks	0.673795168485518	0.7950900692759101	0.9752317812602246
mp-clgxo	0.610604046395124	0.8824159163084161	0.976035360451964
mp-ckulc	0.7887863517111331	0.7697379272207591	0.9872314386784884
mp-dclpr	0.9045084971874732	0.788098453481688	0.9954441884924664
mp-cgivl	0.691825353371327	0.9532707551055992	0.992310756720559
mp-cjjof	0.9838985501644332	0.937156676727229	0.9997840036129596
mp-bfptq	0.885923284779017	0.8673249945595171	0.9974594453473512
mp-cljii	0.962737201635152	0.8321304483744321	0.9982581024723074
mp-bphjj	0.7857865800197681	0.6492979960468831	0.9687478434398772
mp-ttn	0.8259168626504401	0.768954268111499	0.990208692290224
mp-defsc	0.794316065231857	0.860908423751878	0.9939015462088276
mp-clfnm	0.7000145686186321	0.8268542359966651	0.9833693427307064
mp-clfzc	0.8175001047143801	0.7947347700493521	0.991487407902437
mp-bitks	0.974876884566033	0.9054651476176392	0.9994547789689352
mp-bdbnx	0.991911282122916	0.7879815954407701	0.997822747910586
mp-cryfl	0.922444289476239	0.58961374668635	0.9771905202220346
mp-bqvue	0.5522642316338281	0.886136509995543	0.962524662589848
mp-cqpqe	0.503665158604729	0.919304541219384	0.952717139378194
mp-cjiiq	0.7857865800197691	0.9605623836995072	0.9970670048922158
mp-chgzx	0.706234276036069	0.713770831256316	0.9669130475226064
mp-cliqb	0.7670286324002941	0.706166933917981	0.9765199640437444
mp-cpfps	0.734427517361938	0.836198586648998	0.988056365962846
mp-bdoy	0.6826008809457931	0.7503661154148621	0.9692722574818566
mp-ckvfx	0.8441772878468771	0.6526467229991441	0.9785063198909908
mp-bprf	0.8060396346731581	0.866677216376028	0.994732870180118
mp-bihk	0.8754015911877261	0.8056703202435891	0.99507686616444
mp-cjjem	0.640500863532625	0.7221976256482611	0.9519836976499684
mp-bgndh	0.8418916782808791	0.710276598273019	0.9861010437125286
mp-bgjcx	0.967722015414934	0.9276140189313232	0.999593430108504
mp-bfslo	0.960524759782044	0.6435240408380191	0.9885920480441552
mp-ckipx	0.8743621885670421	0.845343595820615	0.996521476933242
mp-htt	0.7325755390387301	0.899171859547748	0.9922205339542186
mp-bfnpo	0.820724815784579	0.7634487860206131	0.9893804707461198
mp-icb	0.7692383404133301	0.8134723404963701	0.9892951142698532
mp-clind	0.9801468428384712	0.8363087567725871	0.9986145204328308
mp-crpvv	0.989927526192122	0.8264678728445831	0.9985885274200308
mp-bsjis	0.7558715000571721	0.643352952835002	0.9611870882051002
mp-bqvvv	0.7251271442041961	0.8554192091357551	0.9887408750276732
mp-ckyni	0.908169625358592	0.8829850857880921	0.9982691520438538
mp-cltxn	0.7531674036765641	0.8463503092088591	0.99043181529097
mp-bgjnd	0.8568698011382101	0.674397877624424	0.9832485650283156
mp-bctwh	0.729324777242158	0.741175319387074	0.9762757389934944
mp-cliri	0.9664139076986472	0.8176911845141601	0.9980217593948938
mp-cesvo	0.7454518768075701	0.882502165205544	0.9921489448818824
mp-cplbx	0.7274616552455591	0.8136208091047461	0.9852692705803024
mp-cpsho	0.929032452861822	0.6327352747385201	0.9848056172624235
mp-bhzf	0.670846053945741	0.79196270103828	0.9742028482052482
mp-cljme	0.8275023082284411	0.721649196321522	0.9859870225792092
mp-branf	0.9541811295273652	0.5411918605068581	0.9707731949919504
mp-clkdh	0.7581172019028241	0.830023362096954	0.9896494919628044
mp-cktch	0.8812212555057221	0.9693729094210132	0.9991322784815848
mp-cslbw	0.823927017282937	0.7684290495411941	0.9900231027758964
mp-bqwpz	0.792620377012754	0.811521875175307	0.9909405534719712
mp-cdlwz	0.962339497969014	0.8176220124791661	0.9979422337112128
mp-bfqcr	0.6995345794901471	0.7785466348161431	0.9771573768789412
mp-bhhj	0.9830981656408572	0.859336436550535	0.9990075547857432
mp-clgts	0.8010468814325961	0.8609926670382171	0.9942450866086112
mp-bfmo	0.7162002607045831	0.7767211221939281	0.9794818451650752
mp-clfqe	0.7736355521461811	0.8204671836675921	0.9901748455184034
mp-clhly	0.9673508318659392	0.8411624765409951	0.9985048176060598
mp-bebu	0.8784975278258781	0.6446794051110221	0.9813876179667452
mp-bfomn	0.851697351405251	0.6257143254294221	0.9746610346656208
mp-fqm	0.872621645273522	0.6761530800012291	0.9850535087706336
mp-dsp	0.551222656873533	0.8391681038466221	0.9522570481167396
mp-cgbuv	0.5444471484332191	0.8883542240639041	0.96056234805436
mp-dus	0.5694137118613171	0.986459800886062	0.9807357697352164
mp-boko	0.935606905560094	0.7267375291921041	0.9936898285032596
mp-bftju	0.98738059709561	0.702677018810081	0.9945229079147704
mp-crnky	0.683575345678296	0.8435564069143671	0.9830430897871492
mp-bmlme	0.8014647708445121	0.7956037610610831	0.9904421478178492
mp-ckwac	0.984808185247902	0.5110148530950931	0.9671641592612762
mp-cjmhq	0.9135402871372812	0.8453036500054041	0.9975666695062896
mp-ckrxv	0.9306373109379812	0.85668365369107	0.9981727741320192
mp-jif	0.9126553293464992	0.6803918466564101	0.9888513236610988
mp-dbkwe	0.747729334216203	0.723331660440637	0.976341686503108
mp-bfnzi	0.844936142691579	0.731701819305949	0.988515564029536
mp-ckglw	0.5709689524201721	0.8070322387046981	0.951401876175677
mp-bpke	0.9330127018922192	0.761708447318831	0.9953520977524098
mp-clhjv	0.8271064844679311	0.7640005573927511	0.9899071418078792
mp-brgb	0.676737421889628	0.794899683955799	0.9757273529148196
mp-cljrk	0.849831670256682	0.9057080503675532	0.9974971591874034
mp-balh	0.719028690890123	0.6763314573999311	0.9611559130691052
mp-bcak	0.615194713338295	0.799993734010716	0.96324514987441
mp-bfipz	0.6889203934092331	0.881203519632418	0.987265488412882
mp-bipwv	0.9343157572190952	0.6887770419055591	0.9910204970953712
mp-ckwhc	0.8865882553218041	0.782795853428596	0.9944919868481004
mp-clexg	0.760802697847553	0.810859330576834	0.988357396995085
mp-biwj	0.9332742638064092	0.6116596183713571	0.9822170978475504
mp-bfwqj	0.8415094286712701	0.618405529846032	0.971584580673464
mp-bfwrx	0.955701638317722	0.775915985214719	0.9966227789554308
mp-bfwso	0.719499258262965	0.800346640019	0.9828896063695034
mp-bfwsv	0.932225168190472	0.720320627418629	0.9931448621294624
mp-bfwtg	0.9464501864065732	0.7335315551120101	0.9945262187910188
mp-bfwtl	0.7563212035869421	0.751513508690958	0.9816499296323752
mp-bfwub	0.844936142691579	0.857566206439018	0.9959531870981048
mp-bfwuw	0.6811376833522731	0.7442859023192511	0.9677737977216618
mp-bfwwa	0.7449955758221191	0.641097832539336	0.9580360622061196
mp-bfwwi	0.8808822488305	0.6893368035577361	0.987282632374722
mp-bfwwq	0.784496253172674	0.598811860164778	0.9550670625479224
mp-bfwxe	0.7545207078751851	0.793116126492131	0.9861387195814252
mp-bfwya	0.9966259295211692	0.7291688917236601	0.9960754974871536
mp-bfwzq	0.7128896457825361	0.693108911977475	0.9637901433690224
mp-bfwzu	0.6908578691641091	0.7483208676553551	0.970577079390939
mp-bfwzz	0.7696793981943411	0.6605620239367751	0.9682187078376296
mp-bfxaa	0.764367324773065	0.653948052749528	0.965655436414633
mp-bfxcw	0.746363670774145	0.7494482805401671	0.9800499279798068
mp-bfxdq	0.9920978039846212	0.89630441568838	0.9995183971432976
mp-bfxed	0.7545207078751851	0.8489948951967471	0.990715797919572
mp-bfxef	0.8539234369131301	0.6460798344661091	0.9786665351662444
mp-bfxel	0.938405345365298	0.544782961396426	0.9693356587868088
mp-bfxeo	0.927953133835566	0.629741528733832	0.984306881938808
mp-bfxfb	0.961134225709763	0.504845942792417	0.9613205075706376
mp-bfxfp	0.7710007951851471	0.7511131577100241	0.9833919520413744
mp-bfxfr	0.981861839145004	0.84381879543397	0.9987627356185752
mp-bfxfz	0.826710301995052	0.7512173693292641	0.988808640904013
mp-bfxgk	0.957409374114055	0.8742189598671871	0.9988920056957368
mp-bfxgz	0.883246503404675	0.6339379660505361	0.9802574129424344
mp-bfxhg	0.944787938189168	0.591572021843012	0.9801646548576686
mp-bfxhq	0.972531537589902	0.8143092571997951	0.9980616766608544
mp-bfxik	0.925222026849434	0.5852155065141671	0.9766823282195078
mp-bfxio	0.7862160627972951	0.603253711746081	0.9568441844655738
mp-bfxkj	0.7683553395767491	0.7290687261785861	0.9802039060458196
mp-bfxkv	0.7665858103685941	0.7304252977855721	0.9801576226006464
mp-bfxna	0.8101633789882781	0.59698178212466	0.960356967765335
mp-bfxng	0.9252220268494332	0.8061590532008731	0.996766218857646
mp-bfxqk	0.7209095140715731	0.680417927604806	0.962602649641914
mp-bfxqt	0.8579682415109151	0.6198809538342961	0.974420050198564
mp-bfxrd	0.98738059709561	0.7968416760833601	0.9979462439624835
mp-bfxta	0.638992668026489	0.7304410131622671	0.9537447022336208
mp-bfxth	0.9990780237859772	0.6375731844526721	0.99049579371109
mp-bfxun	0.767913397489498	0.629645366703881	0.9602258844900262
mp-bfxwr	0.8509522331226731	0.538932545898831	0.9505924854505118
mp-bfxxd	0.832615177327181	0.6615613459394061	0.9784685409052436
mp-bfxxg	0.988634061784096	0.5705842254248851	0.9811603095021796
mp-bfxxy	0.6121353804746901	0.863597344353189	0.9736729917428344
mp-bfxya	0.92604626886219	0.72414330730361	0.9930804699757102
mp-bfxyj	0.991911282122916	0.5479209366330371	0.9772357141393108
mp-bfxyx	0.787074086268695	0.74680657807085	0.9846867594013724
mp-bfxzj	0.922724152939512	0.6349243213001311	0.9845164890928998
mp-bfybp	0.772319517507513	0.6681735123722431	0.9703430923249728
mp-bfydw	0.793044781571801	0.66563297086876	0.9733893836109436
mp-bfyeg	0.6971313621714751	0.698480293639668	0.9613698532611098
mp-bfyfq	0.996922748487148	0.721729528754787	0.9957751288120308
mp-bfyfy	0.9161706369203312	0.7145543280219461	0.9919189451072048
mp-bfygj	0.8531829565587731	0.612015204337765	0.9720569390077052
mp-bfyic	0.6146851370799671	0.7728601453856591	0.9571154407316468
mp-bfyjp	0.931961708596417	0.620699065837731	0.983427635181476
mp-bfykj	0.8441772878468771	0.6708725247367221	0.9813468995895548
mp-bfykk	0.962339497969014	0.6136448781032741	0.9852243327210146
mp-bfyll	0.8118033782988501	0.7484313535670041	0.987286431152372
mp-bfylo	0.770120160238829	0.5984402521959	0.9513408945374826
mp-bfylu	0.8407438063507591	0.74879076749075	0.9896810811609638
mp-bfyma	0.927953133835566	0.7286833980641061	0.9934493023392438
mp-bfyml	0.937140516531316	0.5650011481740811	0.9740152178119926
mp-bfynx	0.821928291292627	0.7838796381154961	0.9910337344987082
mp-bfyof	0.815473330150924	0.672721447644777	0.9780029958511212
mp-bfyok	0.8349542293830851	0.7023448222923171	0.9845125735785798
mp-bfyos	0.9069563825953092	0.668249584859517	0.987166842835446
mp-bfypa	0.9181909191655612	0.750287056322218	0.9942160224002216
mp-bfypq	0.7028898788330991	0.7278436490060101	0.9690920632134684
mp-bfyql	0.907866985249513	0.800375455550542	0.9960435089683458
mp-bfyti	0.9117662988142132	0.617225922151008	0.980807277413416
mp-bfyzs	0.843797294067483	0.584888028608204	0.963788099545191
mp-bfzij	0.953961919811414	0.5826844597552431	0.9796150252736848
mp-bfzjj	0.867693930390508	0.686824503979231	0.9858542770545636
mp-bfzkc	0.910574604566852	0.861268164639941	0.9978741041444432
mp-bfzlx	0.7648116036624121	0.7103588397601921	0.9768697926188056
mp-bfzni	0.986908748738564	0.8124525992962761	0.9982764879468508
mp-bfzor	0.8275023082284411	0.8733542558070411	0.9958749482960771
mp-bfzrw	0.9865492554910632	0.6304926311677781	0.9890297935514056
mp-bfzuy	0.8597911190119301	0.540709436158195	0.9532971201541656
mp-bfzyx	0.8353427882683601	0.6948561703613221	0.9836259543052036
mp-bgadn	0.9332742638064092	0.845516950064769	0.9979909649310428
mp-bgaeg	0.9971503951984992	0.597369904758258	0.985959013241537
mp-bgams	0.808517937570374	0.7185112026860171	0.9836829311361776
mp-bgamx	0.959705069290276	0.582454929347072	0.980202548219246
mp-bgaoa	0.9126553293464992	0.702343246481777	0.9907847280393648
mp-bgasd	0.913245754273829	0.7400218094251121	0.9934191588681864
mp-bgauj	0.9428589654654952	0.622836395139793	0.9847396871359844
mp-bgfub	0.993512203198726	0.6653006856557551	0.9924489667406982
mp-bggiv	0.9629352924049952	0.7964458320478841	0.9974288738383358
mp-bggug	0.8568698011382101	0.708311252671037	0.9872302066621716
mp-bggwa	0.8597911190119301	0.740612079067364	0.9903754159613338
mp-bghrd	0.97585081680099	0.7284996664907111	0.995379650858536
mp-bghxn	0.8290820074713361	0.803363262591509	0.9927359305765454
mp-bgiay	0.707187790496642	0.68889537896352	0.9614562850052324
mp-bgibm	0.924116510602618	0.832524959789506	0.9974894983915192
mp-bgihr	0.9926444148540392	0.6694285107002691	0.9927016439867632
mp-bgikf	0.926320082177046	0.613884956631498	0.9818429927653036
mp-bgirr	0.909676105162926	0.7056432489669131	0.990862604310028
mp-bgixf	0.975203613594574	0.7255309647623781	0.9952197870949576
mp-bgiyt	0.932225168190472	0.7134783482849321	0.9927059512602796
mp-bgjdu	0.97270243663632	0.578872625233664	0.9809549492263826
mp-bgjfn	0.922444289476239	0.505221706656032	0.9539756681284864
mp-bgjlp	0.953742212270558	0.8414204227031421	0.998285160763657
mp-bgjmu	0.739039396794096	0.6284614813506181	0.9528060660659292
mp-bgjnh	0.9035832116232	0.7574805334622731	0.9939499528824786
mp-bgjrm	0.9646952385108212	0.531490977991513	0.9698109051720276
mp-bgjvi	0.9723601203547152	0.6380756787971981	0.9888509471786596
mp-bgkar	0.991045243455786	0.7569308529853771	0.996927065595717
mp-bgkkj	0.844936142691579	0.793343305467324	0.9930341092880052
mp-bgkrt	0.974217178824246	0.699943918822427	0.9938307537700224
mp-bgkyl	0.6278916136973091	0.8010584255019471	0.9666599374019348
mp-bglal	0.957620586310458	0.6464652932406241	0.9886908477229004
mp-bgljd	0.723255088471761	0.7791234965669661	0.9808059368293282
mp-bglky	0.675267160095628	0.719581690364237	0.9610192390281456
mp-bglmg	0.932225168190472	0.7084877416025831	0.9923695483283452
mp-bglqw	0.8183083804041921	0.698096084208165	0.9821559632005368
mp-bglzc	0.616213486320892	0.757084289745598	0.9536960250237004
mp-bglzr	0.962339497969014	0.7080428334325011	0.9937923175496588
mp-bgmft	0.976648078361078	0.71671743002634	0.9948440134232496
mp-bgmmb	0.9753661965197352	0.6748950995444121	0.9922345394813123
mp-bgmmr	0.8953982068865761	0.5979847607695881	0.9753086748443212
mp-bgmpr	0.936120023000422	0.7622791381096771	0.99548759536089
mp-bgmqm	0.9789613721168132	0.733025368292309	0.995684304323945
mp-bgmti	0.552784933328304	0.831648258274531	0.9510152025271276
mp-bgmws	0.838052379808863	0.6917184241858381	0.9835139849661508
mp-bgmxi	0.9464501864065732	0.501508013190284	0.9574441435865684
mp-bgmyn	0.646018936792166	0.7567569683046971	0.9620791298801108
mp-bgnai	0.937394442166726	0.593186119331746	0.9796234004124088
mp-bgnej	0.5936906572928611	0.792124503061235	0.9552885163673152
mp-bgngs	0.7152555484041481	0.801341668852639	0.9824582917855624
mp-bgnir	0.597288378662545	0.7695447959428551	0.9508061942148912
mp-bgnlu	0.949243893249544	0.6987044406098011	0.9925819143286868
mp-bgnqz	0.930104244111378	0.6845629061154791	0.9904127176217472
mp-bgnra	0.838052379808863	0.6930926221685181	0.9836895160131134
mp-bgokd	0.922163962751006	0.707032030453132	0.9917133206749188
mp-bgolk	0.8872515300993661	0.5999056726585551	0.9745701547061772
mp-bgool	0.8641256858988421	0.669729279510432	0.9833885902988868
mp-bgooy	0.999013364214136	0.808835485886162	0.9984028802949528
mp-bgosl	0.830262994193603	0.7361614611686681	0.9877202714819524
mp-bgoxj	0.973549152497372	0.769290388487436	0.9968816582453598
mp-bgpiu	0.8950775061878451	0.678655869463302	0.9873211554353364
mp-bgpoi	0.976648078361078	0.7581665225075891	0.996590809087378
mp-imk	0.846826652906402	0.6476258509179531	0.9780060331647806
mp-bgpuw	0.9476228241624052	0.941378783189758	0.9995431971114922
mp-bgpzh	0.8502055753919021	0.7373058588704581	0.9894186853697672
mp-bgqvv	0.762587314980648	0.667763256676514	0.968442949874689
mp-bgqyq	0.9014087375955572	0.570530640847116	0.97008746776797
mp-bgrhg	0.959705069290276	0.516066101849186	0.9646496582636792
mp-bgrvp	0.9129507682357392	0.811599586466706	0.996591572688708
mp-bhbne	0.979409867434096	0.552251660799817	0.9766615922375492
mp-bhbrr	0.969547126047354	0.6913920779126781	0.9930887464954002
mp-bhbxv	0.724191608045015	0.667238754143554	0.9600655230128996
mp-bhcbr	0.992998018535252	0.812952186640281	0.9983866084487278
mp-brqll	0.956559511598267	0.6090361406232541	0.9840806171901674
mp-brqoh	0.986908748738564	0.647825123768304	0.9906965894922344
mp-brqoj	0.9426156556662272	0.7872271276026931	0.9966372200056316
mp-brqpk	0.9069563825953092	0.588846873793205	0.97501801567071
mp-brrbl	0.7531674036765661	0.66075467445983	0.9649557593651874
mp-brrfs	0.799791234222823	0.642953192511025	0.9698833088955064
mp-brrga	0.7951619746781471	0.595764105794608	0.9566486982528136
mp-brrjy	0.9673508318659392	0.689292325424329	0.9928443999286586
mp-brrsz	0.8771256903680511	0.720850018832725	0.9899627207594028
mp-brrtx	0.973042679413772	0.50814212806723	0.964422229995934
mp-ljk	0.6354682361481291	0.7748278981436441	0.9632774238552716
mp-brses	0.7449955758221181	0.6289307322351391	0.9545020473345448
mp-brshd	0.939408556330982	0.714297349947646	0.9931163522546104
mp-brshx	0.7665858103685941	0.6459548177984861	0.9641798697082412
mp-brsik	0.7670286324002941	0.6070821916782151	0.953353906362272
mp-gia	0.8211263265882921	0.7478507064141531	0.9880452561272568
mp-cjixr	0.691825353371327	0.896184894544864	0.988736731425588
mp-hnc	0.608049404581401	0.8165079363633251	0.9646778048411544
mp-cfydv	0.6329463170417571	0.90945041805433	0.9829566966580991
mp-hni	0.8802029828000141	0.7562810716902111	0.9927210433721324
mp-jky	0.767913397489497	0.8215216590613411	0.989804127754214
mp-bpoav	0.9471552398839872	0.8913445720852221	0.9989967043806782
mp-bgwk	0.61977514802096	0.827733587344717	0.9695924739337044
mp-cqrqm	0.7223175895924631	0.8186316966908801	0.9851935234053972
mp-cdpff	0.8648425418208291	0.7343672245877391	0.9902240725267194
mp-beuna	0.922163962751008	0.6846038491638571	0.9899009234121235
mp-bfsdt	0.7251271442041931	0.758346111485101	0.9782308008091074
mp-bgrax	0.659479654649034	0.7828699881638951	0.9704194701108092
mp-cqugx	0.943827345510814	0.821793427998308	0.9976612725689492
mp-bfvap	0.6212996153977041	0.82107370015833	0.9687791453541008
mp-bqybr	0.9179036806841352	0.830082159948848	0.9972764221659746
mp-cjjda	0.7417939742875791	0.768470419307373	0.9819318296038656
mp-ttm	0.7567706260290871	0.8308451168156921	0.9896007874817812
mp-nag	0.956559511598267	0.7132857980625801	0.9938451983148012
mp-bgmrc	0.633955525933242	0.960061331227614	0.98752523698152
mp-bcsxq	0.745907908624944	0.8556057118758871	0.9905043954692234
mp-mxo	0.6742860236609071	0.7824073901013611	0.9733036060264258
mp-bfrkb	0.738119101833969	0.7598149366818691	0.9803207161791332
mp-bfpmy	0.6874651094038351	0.746287061823335	0.9695046338060266
mp-boqs	0.90907485871251	0.8719374507547941	0.9980700883346324
mp-bivf	0.7307194799595951	0.87159763905825	0.9903920226716462
mp-ckxon	0.8740148994516901	0.94439741951359	0.9987081310431368
mp-clfuc	0.7687969873794661	0.7992620705713811	0.9880841745072232
mp-bmgne	0.673795168485519	0.8946289789048931	0.98675475579063
mp-bogp	0.922444289476239	0.793807343638628	0.9962694145930696
mp-bspz	0.8010468814325951	0.8403992040136431	0.9932265694411608
mp-cqqvf	0.948088444948122	0.8828311630550341	0.9988916006483388
mp-cpsla	0.8310485085252771	0.7896756655743741	0.9920115587935407
mp-mbx	0.9660355562291052	0.7550222124932701	0.996170250995272
mp-bfyqe	0.99455940638598	0.604328160703244	0.9866445482479832
mp-bxjeh	0.994937781738658	0.9195873595111532	0.9997330764489396
mp-bmocj	0.8349542293830851	0.868442294785267	0.9959753469264032
mp-bfqqn	0.682113347945949	0.802819722389129	0.9777941044308046
mp-bbyy	0.943827345510814	0.539170538254446	0.968692366250278
mp-bmllp	0.8407438063507591	0.883866751758391	0.9966643177813992
mp-bnqse	0.7362753824345271	0.8372002594549841	0.9883115227485718
mp-udm	0.843036175878161	0.8775057005619641	0.9965446761200376
mp-llw	0.8612423214266751	0.8408576347861311	0.9959363505994284
mp-brtcs	0.9069563825953092	0.7644874619924751	0.9944616512954344
mp-bhuv	0.7513591135859561	0.8493259050070431	0.990497116690938
mp-bmlin	0.762587314980648	0.793729832167519	0.987005081612046
mp-cpjjv	0.8579682415109151	0.922427353474284	0.998042915908324
mp-bfrjb	0.677716628243431	0.718096826184017	0.9612824211723264
mp-bosa	0.690373812846618	0.813581717413635	0.9804987994427786
mp-gwe	0.802716453690501	0.7944519004971711	0.9904486979616066
mp-clfpy	0.966977598287549	0.7977608459969181	0.9975538098558808
mp-clexb	0.876437288746258	0.83737485521834	0.9963262138480616
mp-crkym	0.704324537368175	0.7172424430296721	0.9672361377979248
mp-bcsor	0.7251271442041931	0.745639607694043	0.9763037541265942
mp-bgmay	0.8294760311668581	0.7825769562286	0.9914422605715149
mp-cjlqm	0.9629352924049972	0.8583342728109781	0.9987280256102172
mp-knu	0.927682130080253	0.8818431465139771	0.9985804791655064
mp-boos	0.7934688647713151	0.910708178633931	0.9958775110403628
mp-cpqfy	0.887913106202259	0.7051127418473331	0.9893607264303412
mp-pkc	0.6728128869100971	0.8133449630034361	0.9777250674943332
mp-bjrdu	0.638992668026489	0.8408430872668821	0.9756370535347932
mp-cpskt	0.7128896457825361	0.7673761646007601	0.9776569528494324
mp-beqo	0.908169625358587	0.9656309239891432	0.999395666639724
mp-clgay	0.947155239883986	0.8502218018566651	0.9983408477820234
mp-bfohp	0.7325755390387281	0.8601502322293001	0.9897463127229184
mp-bqws	0.8553997369364961	0.6600926102969801	0.9810648683241432
mp-bfubk	0.5916325437567791	0.8524259143657791	0.9671592195752536
mp-tni	0.8271064844679301	0.90208590697267	0.9967708001972366
mp-ckvpd	0.8572363398164	0.6780701779797611	0.9837689124209088
mp-bbar	0.9363758644725112	0.6864784816204631	0.9909587482004162
mp-bfktv	0.613155655943043	0.891913145039801	0.9777573639444752
mp-bfim	0.9662249876003092	0.660749039773853	0.9905972685643682
mp-clhkd	0.965845613792774	0.7955026116048801	0.9974689380714478
mp-mft	0.707187790496642	0.8314546133541351	0.9847351558334834
mp-fxc	0.660471804903605	0.859922814435061	0.9816402793455624
mp-puc	0.762141591413784	0.9201389367979932	0.9948864025348032
mp-bfcws	0.640500863532626	0.776277878138931	0.964840671480906
mp-cdycy	0.8931442160683091	0.8570784364992511	0.997377835969215
mp-cosyx	0.9856917695163652	0.658937991577565	0.9915588974987732
mp-bkjdc	0.9995614150494292	0.7223303110200671	0.9958830717505932
mp-bmgli	0.9552697023389932	0.711850533872003	0.993704370726639
mp-bghsm	0.7330389174609521	0.7508118814629491	0.9783247736230372
mp-cproe	0.734889870515074	0.745213904851432	0.97777354451504
mp-btwx	0.7976919198541781	0.722830816027199	0.983006809411439
mp-bgnac	0.717615549686166	0.950137575436536	0.9938134419184168
mp-crtve	0.8158793787539771	0.6962558509233201	0.9816180500536772
mp-cnhvs	0.753618783365094	0.797354971353175	0.9864585057653986
mp-izb	0.8535533905932731	0.844640551060804	0.9957987972161008
mp-brybw	0.9965033891963332	0.582343008504707	0.9837969826170136
mp-cprcw	0.9170392168065852	0.6524233979164541	0.9862070271857528
mp-cjjug	0.860154512443952	0.8494203781787181	0.9961982641661928
mp-ckxmb	0.9926444148540392	0.918537879758812	0.9997092642072946
mp-bqvo	0.7057571793025541	0.7575898177267141	0.9749657677600596
mp-ckven	0.994404259244643	0.8797536168082141	0.999375063962033
mp-cpqtl	0.8215274852376141	0.7609403244713261	0.9892335488814742
mp-bqjb	0.510994688046252	0.901737309850248	0.9517086084593104
mp-noh	0.9421275801880352	0.6749411370692191	0.9903455510876876
mp-cljrn	0.846826652906402	0.8277178171026031	0.9948538269490924
mp-cdyrl	0.648020743537777	0.9831925011101912	0.9904944540858222
mp-begn	0.83104850852527	0.9886726603608212	0.9986491995292008
mp-eiq	0.729324777242154	0.7663286103797541	0.9799675983846616
mp-bdrv	0.73995864321048	0.77684507406293	0.982719011014398
mp-clexi	0.9745480724951472	0.8014054267910401	0.9978039452222676
mp-bdmi	0.765255592153364	0.930809308722848	0.9954270344958662
mp-cljji	0.8271064844679301	0.700828498509466	0.9835003417039464
mp-bjgli	0.597288378662545	0.7998079406074411	0.9581733074013312
mp-cnhuo	0.743167690211745	0.7683291681266521	0.9820905243902328
mp-cottg	0.883246503404674	0.743678407935202	0.9920721408143884
mp-bcp	0.72792781118175	0.8987876023247251	0.9918781532385732
mp-bfspm	0.6540104405322761	0.846408104887703	0.9790183818333792
mp-ckwql	0.882235765711545	0.7256345206143691	0.9906943696112824
mp-cruur	0.609071620698269	0.978618517829793	0.98598571971461
mp-bija	0.699054371547531	0.8130688297474261	0.9816701859366928
mp-bfsim	0.707664207178054	0.7673185778971761	0.9768099351321116
mp-nsg	0.953301304678418	0.8137899289660261	0.9976670010902606
mp-bpdm	0.99408745955514	0.8714361078575	0.9992806187727272
mp-nlb	0.771440667121258	0.823107605695054	0.990197475313877
mp-bfoyp	0.635972176508476	0.8454526222467981	0.9757305987280008
mp-fy	0.8531829565587781	0.958730590822326	0.9985812473486666
mp-brds	0.6024188642768621	0.786882835988842	0.9567475441011348
mp-bpqgh	0.924670200131658	0.649615102617635	0.9865190618343744
mp-bxand	0.8002101126629421	0.6073853870018201	0.9611728673447244
mp-bqxkd	0.7567706260290871	0.770606494559229	0.9840092516708384
mp-bfqng	0.9990133642141352	0.548373255094281	0.9781372080091454
mp-bkqjc	0.7358138035579711	0.8331803262501021	0.987934791184788
mp-cdmjy	0.987263436393288	0.8912217711599391	0.9994269181000052
mp-bfrph	0.8722723092096331	0.715416738296605	0.9891429877479868
mp-clfpd	0.8093413367405481	0.8366883368080821	0.993484646322754
mp-bmnvp	0.794316065231857	0.8277724514361611	0.9921075349796395
mp-bfvzz	0.683575345678298	0.710158587815737	0.960852534724144
mp-uqs	0.9290324528618212	0.872156595679047	0.9984363731114018
mp-oid	0.6248520242672291	0.85276598055383	0.9746472890988368
mp-bdfw	0.70718779049664	0.925530129194386	0.9919143778097694
mp-bxjcj	0.8349542293830841	0.6100315064994231	0.9685819077207308
mp-ckvjh	0.7081403961302001	0.6617014627087621	0.9544712078856836
mp-clhfp	0.971842761399184	0.8723424827820321	0.999047304759168
mp-one	0.703846541224399	0.697904202176413	0.962832061136832
mp-xq	0.860517510922394	0.886659635215967	0.9973046333242817
mp-cgmw	0.7028898788330991	0.7726095173459251	0.9768243919771924
mp-dcbmy	0.9045084971874732	0.7867728329070951	0.9953885396526332
mp-bctqj	0.985190056916352	0.8722289425977181	0.9991971887808996
mp-bugq	0.7427100508976361	0.7637306486790081	0.9814529212587336
mp-bqxkt	0.965464196558468	0.686069952073708	0.9925301590005168
mp-cqqrb	0.7801749564140721	0.8348571938814051	0.9916231509111256
mp-ewm	0.910574604566851	0.895360180527442	0.99852972712914
mp-nxo	0.8818980143173201	0.968814565524024	0.9991343341805876
mp-tqd	0.732111905568906	0.952145869111814	0.9946805613799452
mp-bgqpu	0.6314314116494061	0.815264133814648	0.970057098104798
mp-brgvz	0.75181160081788	0.7424710551046451	0.979834469111223
mp-bexht	0.7866452317038141	0.9712182466708852	0.9973474670472148
mp-clhvz	0.9621398855088532	0.494409257199729	0.9578854825041798
mp-cpsal	0.84493614269158	0.5485270429914131	0.9526550478389668
mp-cleyh	0.8064535268264871	0.8488246641775271	0.9939420249757276
mp-cpsgv	0.8487076546933361	0.583019836806938	0.9642154557428084
mp-cqpry	0.8905423659392311	0.8118358986505371	0.9958886086375608
mp-clexf	0.924116510602618	0.7966038871692861	0.9964184815644556
mp-bsby	0.9863069253024712	0.594077983124503	0.9846106344115496
mp-bnqzb	0.8014647708445121	0.621752252171029	0.965228737839576
mp-bxbac	0.9960573506572392	0.912119937704789	0.9996841960408428
mp-bifpr	0.5766653918684801	0.981590581896588	0.9814853998983482
mp-rvj	0.696168558301781	0.749837882859396	0.9718942430830544
mp-cpczo	0.8294760311668571	0.942854269675786	0.997824518151062
mp-cpebx	0.7274616552455591	0.7986386220345281	0.98368598277648
mp-clhvu	0.90573599940068	0.8617803165558591	0.9977825790922292
mp-bfnjs	0.7736355521461811	0.8522176388346211	0.9922477839852738
mp-jdr	0.753618783365094	0.904641810949672	0.9937878660391986
mp-cjmwb	0.8565028711085271	0.8817271333161961	0.9970673507251891
mp-bjpq	0.5668201294345361	0.8764736013494311	0.9649156592500204
mp-cza	0.5813185825974401	0.9153929400578712	0.9745921852713396
mp-caaa	0.647020162616151	0.8383582395886701	0.9767531578047456
mp-crmtf	0.7427100508976371	0.8326334985386841	0.9885281388327168
mp-bpil	0.849831670256682	0.8257177523549181	0.9948944867653164
mp-clfna	0.842273552964344	0.766672623403144	0.9911622635448336
mp-bqaq	0.909676105162926	0.593838319012272	0.9763854133329192
mp-cppqu	0.9306373109379812	0.831143417080986	0.9976028794413262
mp-clfpu	0.8546623647861371	0.8578260405458431	0.9962964565991418
mp-bfwwl	0.909676105162926	0.837741732123587	0.9972794983855244
mp-dbrxw	0.8271064844679301	0.8141757536558101	0.9932395107099382
mp-bitg	0.7251271442041931	0.72738724607919	0.9732481455432836
mp-bfmpq	0.616213486320891	0.8263562348012291	0.9685273631666632
mp-bfrpk	0.8882432563435391	0.6850286022199821	0.9874367315938074
mp-bpizs	0.8286876228970481	0.571908894212491	0.956811806441687
mp-cpqoe	0.7481840126976881	0.6543307934479451	0.962300184764467
mp-cpgfd	0.9745480724951472	0.9653592994922552	0.9999040666143726
mp-gco	0.8134379067267631	0.822378960243881	0.992938179000476
mp-bfkfo	0.9737169384954352	0.6785458940384861	0.9924145759726178
mp-bskx	0.882573097937386	0.740165660681749	0.9917915585443938
mp-bfogp	0.6520165304627431	0.794103280265094	0.9708277528064287
mp-bqox	0.821928291292628	0.6968569971591071	0.9824062760115996
mp-cjljg	0.999394512352297	0.8734492390503421	0.9993550235204428
mp-bhzi	0.60549180053867	0.826002992463952	0.965841252409651
mp-cjarc	0.9102755545735152	0.9587503840258672	0.999350291396325
mp-clhvd	0.907563897864277	0.869536018960614	0.9979902564354164
mp-bgjru	0.8134379067267621	0.8185765119683661	0.992721754536986
mp-bctch	0.9625386034172292	0.5451394499829051	0.9729177601733008
mp-bqygm	0.8361188023797571	0.5959256860269101	0.9652812655468797
mp-cdtso	0.5381854931965231	0.8603957085980001	0.9525294009879666
mp-ckuym	0.842273552964343	0.7482571178617481	0.9897497403806498
mp-cponh	0.832224056183909	0.863039851236676	0.9956813971783068
mp-mht	0.719969584927957	0.764528311975403	0.9783405108556944
mp-kyc	0.6845490051595241	0.8611493919323651	0.9849697967783602
mp-etb	0.6334509946601871	0.7756890009406371	0.9629413861973206
mp-bcthz	0.801882329663344	0.8743836431210911	0.9948681588634932
mp-bctih	0.968274943374096	0.8059749178065271	0.997787638634418
mp-bctio	0.98896466991536	0.788216859053911	0.9977701085927456
mp-bctjt	0.9994931717998272	0.715236734575587	0.9955723377517518
mp-bctke	0.8271064844679301	0.578638463974894	0.9585658170169596
mp-bctlq	0.701453217856831	0.8847948419910021	0.9887963885206288
mp-bctlx	0.935091877334762	0.7546874715294071	0.9951136143007168
mp-bctmx	0.896676670145617	0.561556385072086	0.9670264557533744
mp-bctoj	0.7558715000571721	0.713293418063427	0.9759724848796204
mp-bctpn	0.976963325283696	0.7852269713676381	0.9974382436052832
mp-bctqn	0.991143625364344	0.795828860468279	0.9979935374505507
mp-bctqr	0.995991454347743	0.778855643486925	0.9976753226652
mp-bcttm	0.819115259837717	0.602898135308359	0.9638367086622992
mp-bctvi	0.935091877334762	0.489180725804522	0.9503764264757072
mp-bctzz	0.729789930310744	0.718819110744041	0.972540044802859
mp-bhnj	0.657493259827652	0.7852691942423281	0.9704281833455192
mp-bidb	0.9327506651265092	0.840039814285753	0.9978591946804084
mp-bieg	0.948088444948122	0.8370700345426411	0.9980951372643078
mp-bifl	0.982553978483446	0.7440950884912371	0.9962443770283386
mp-bigg	0.7814745931245911	0.744376275507808	0.983791512813168
mp-bigk	0.843797294067484	0.7454806493846811	0.98963236218927
mp-bigl	0.7468191627553751	0.745448051529853	0.9795559701456652
mp-bikz	0.9786597487660332	0.561562321041299	0.9784482034426424
mp-bimp	0.998842139417802	0.7419413743705471	0.996620824308864
mp-bimu	0.8278977728425171	0.7600138337146161	0.9896448402800389
mp-bimz	0.9473892773317952	0.7865348800329871	0.9967465463338264
mp-binl	0.8472036155919791	0.792140952651836	0.9930873551407132
mp-bioh	0.906347082216546	0.676638527066256	0.9880061262827085
mp-biop	0.792620377012755	0.8052413413965661	0.990497246371649
mp-bipx	0.982001324463981	0.641570944744921	0.989828036272521
mp-bipy	0.949702625783186	0.829851817192909	0.997970206771028
mp-biqa	0.670353875971975	0.814306945308484	0.9774473035906664
mp-birk	0.982416608370653	0.8271982932751081	0.9984876253275576
mp-bitp	0.7143098918875621	0.705374597382307	0.9668430947510116
mp-bivr	0.89184672866292	0.690968364604706	0.9883256049244163
mp-biwu	0.8928204900251131	0.7534021752346031	0.9932035679392828
mp-bixe	0.7862160627972951	0.7406554610970261	0.9838836416375742
mp-bizb	0.8771256903680511	0.610531574812969	0.9752945228727294
mp-bizk	0.8505790964837711	0.619255135572486	0.973188354491458
mp-bjam	0.642509631234988	0.843810399784446	0.9767009994704228
mp-bjbe	0.7806084765308681	0.878175772237032	0.994005402133456
mp-bjdh	0.7661426959928661	0.87940746226537	0.9932715473633064
mp-bjen	0.990746867216716	0.8407532889797821	0.9988344552326538
mp-bjep	0.800628661885863	0.9002983704976981	0.9957979939050672
mp-bjer	0.881559844125098	0.896027154742666	0.9980069969316768
mp-bjev	0.592661803754823	0.8415995294780031	0.9654548726034908
mp-bjfc	0.9020322219805672	0.578027547166238	0.9719579178921732
mp-bjfi	0.928763328096827	0.950503238598912	0.9994547273557124
mp-bjfv	0.8097525277052261	0.6812151927515611	0.9786016832842732
mp-bjgf	0.8399766893612081	0.6703432589439531	0.9807720623390352
mp-bjgx	0.993925808396613	0.464481893907953	0.9524033810764692
mp-bjhb	0.590602881813569	0.7960977861293821	0.95525850699289
mp-bjhk	0.723255088471761	0.7021711153609791	0.968022680591396
mp-bjhy	0.631936524982684	0.7901510010325211	0.9655258560717436
mp-bjit	0.798112437482808	0.6328906942808601	0.9672931704393792
mp-bjiu	0.8694629562516291	0.7815853154062751	0.9936412564102888
mp-bjiz	0.676247527722839	0.8901996014445951	0.9866509004410128
mp-bjjd	0.8973132931483051	0.823514092537146	0.996516848817002
mp-bjjl	0.7223175895924631	0.698349047524771	0.9670163531801382
mp-bjjm	0.857602486741144	0.75992872207811	0.991659731626104
mp-bjki	0.6354682361481281	0.796151092110981	0.9675288484281964
mp-bjko	0.63244149363139	0.7377402874228001	0.9536851727629908
mp-bjkw	0.972872817306558	0.7960930035549221	0.9976373091761122
mp-bjlt	0.8565028711085261	0.83763223981722	0.9956452691634948
mp-bjmd	0.9093757064030472	0.52558370797138	0.9585635833469034
mp-bjmh	0.8557678386046421	0.815437659389392	0.9946918382832322
mp-bjmo	0.976648078361078	0.7965514380563261	0.9977275568755768
mp-bjmt	0.8333963249252341	0.8412551960465381	0.994862177725227
mp-bjmx	0.717144024644902	0.748386463472957	0.975422866636875
mp-bjmy	0.706234276036069	0.8440172873793391	0.9858527231504252
mp-bjna	0.994937781738658	0.8145682596793811	0.998448265428983
mp-bjnd	0.7656992897590411	0.721919334041484	0.9788019395762536
mp-bjoc	0.7840655196243621	0.8442523082490481	0.9924422114786572
mp-bjom	0.8361188023797571	0.772529585796725	0.9911758941198794
mp-bjon	0.9975277849806132	0.7322891814771331	0.9962255966997212
mp-bjot	0.851697351405252	0.912993111101144	0.9977082099482308
mp-bjpd	0.901096334941152	0.649393468065755	0.9843909706120008
mp-bjpi	0.9330127018922192	0.720473267868024	0.9931925723886134
mp-bjpp	0.7081403961302001	0.74469211308989	0.9732263457623492
mp-bjqx	0.9738842050047932	0.8408230875969661	0.9985988909567816
mp-bjqy	0.970794077947515	0.8016348261407521	0.9977331862709824
mp-bjrb	0.8365062567548861	0.6399806030613391	0.9751943076401788
mp-bjrq	0.962339497969014	0.8908600078655	0.9991707463281698
mp-bjse	0.9851900569163512	0.786970451483031	0.9976616718095728
mp-bjso	0.7223175895924621	0.672424051755224	0.9609486051770798
mp-bjsr	0.941391831289855	0.7744469485941171	0.9961495184888236
mp-bjtk	0.8278977728425151	0.5926091553950901	0.962794088720845
mp-bjtr	0.7797411290510831	0.7085305942465661	0.97874858224378
mp-bjts	0.6956868334186	0.8363165148887081	0.9838341410604634
mp-bjtu	0.969186216888132	0.5816764532098571	0.9810687952892104
mp-bjvi	0.976489670758609	0.7770771473850141	0.9971950804108808
mp-bjvl	0.774073630850293	0.8341542798572571	0.991155972631987
mp-bjvy	0.661463251250329	0.912400999500073	0.986860870389855
mp-bjwa	0.7683553395767481	0.748072463179782	0.9827098315742284
mp-bjwi	0.668876223327162	0.8775932905637701	0.9846309424805308
mp-bjws	0.8361188023797571	0.7482504348734771	0.98928821978795
mp-bjxe	0.8361188023797571	0.8015569369187041	0.9930242800171284
mp-bjxf	0.943344127850278	0.777830920432909	0.9963331474087253
mp-bjxj	0.923560960691068	0.6200485231285391	0.982498470630347
mp-bjxp	0.883246503404675	0.8057390300418811	0.9953851917117308
mp-bjyn	0.7758229353142151	0.857487345949232	0.9926841704926808
mp-bjyo	0.762587314980647	0.860721939531204	0.9920273007696616
mp-bjyq	0.971842761399184	0.6849653550306151	0.9927699047889292
mp-bjyx	0.6334509946601871	0.739852250161475	0.9545386575711048
mp-bjzg	0.7481840126976881	0.808338871960055	0.986946784597708
mp-bkae	0.8357309794091501	0.798735285538241	0.9928401595531396
mp-bkaj	0.7024112136346721	0.7435059045355771	0.9719511409975352
mp-bkam	0.816690436313775	0.684943263670267	0.9800851196521172
mp-bkav	0.8056254069098451	0.7860195713915771	0.990030652225099
mp-bkaz	0.844556904193674	0.757917226463232	0.9906716033442052
mp-bkbc	0.8089298065451671	0.7190678164850841	0.983796068733795
mp-bkbo	0.998332964017014	0.891538785551771	0.9995265482705183
mp-bkcc	0.810984060707682	0.7167477604460261	0.9837360219681772
mp-bkct	0.6450170704576841	0.7632026373092271	0.9632281742078844
mp-bkdh	0.759461230263985	0.8271797392985951	0.9895453744170312
mp-bkdm	0.7481840126976881	0.752226857219765	0.9806755521355146
mp-bkem	0.717615549686163	0.828980122690919	0.9856858749608354
mp-bkeq	0.9700846274250252	0.5947882527333971	0.9832527035262644
mp-bkev	0.7674711616023581	0.643125931474962	0.963661836649437
mp-bkex	0.7670286324002941	0.8095988933432211	0.9887986510953758
mp-bkfc	0.947155239883986	0.883807632894641	0.9988930582725264
mp-bkfh	0.643513079612901	0.816691694786536	0.972848696918883
mp-bkfj	0.8705195129341671	0.608864795830783	0.9740161101621442
mp-bkfn	0.579251365026046	0.80731816253188	0.9542666576320296
mp-bkfo	0.9592921984062772	0.808288367149648	0.99765766289398
mp-bkgs	0.6850355315960991	0.803774271599003	0.9783986038292716
mp-bkgx	0.639495553019614	0.841552618845765	0.9758324302226958
mp-bkgy	0.949013787880308	0.606022919050999	0.9829294688343296
mp-bkht	0.8687565586790871	0.548346300106572	0.9578548996201268
mp-bkhw	0.906041763445903	0.608652941763137	0.9786951069839752
mp-bkid	0.642509631234988	0.7607891797665821	0.9620622617779848
mp-bkje	0.8788394504570731	0.7880914261696561	0.9944122931822534
mp-bkjh	0.7376585624113431	0.810611543920679	0.9860826985279952
mp-bkkb	0.8528121352158591	0.806548990519049	0.9941368420907568
mp-bkkd	0.66096761633733	0.729792657228299	0.9597682788222646
mp-bkkm	0.824724024165091	0.6864375912675781	0.9812922697960648
mp-bkkn	0.954618054523534	0.697283316478981	0.9927558833011052
mp-bkln	0.92659342797966	0.8389821815888271	0.9977045185546276
mp-bkmg	0.951066979684101	0.6874162068371791	0.9918729687951694
mp-bkmq	0.942127580188036	0.80721789139619	0.997237828725767
mp-bknh	0.972531537589902	0.8859375004166141	0.9992239307451088
mp-bkni	0.9798536311695332	0.760240121932332	0.9967481770143396
mp-bknj	0.8064535268264881	0.6462750625566771	0.9717362145375
mp-bkom	0.9469207120756312	0.833039552126809	0.9979862966318852
mp-bkqd	0.964307701070508	0.8684035024088971	0.9988989058315308
mp-bkqh	0.961939766255643	0.8331973316780561	0.9982654813751564
mp-bkrs	0.6644333233692921	0.87395357533698	0.9836970241112286
mp-bksy	0.879522049013237	0.6111031586434561	0.9757379771025382
mp-bktb	0.8798627241896521	0.737764973865765	0.9914584201302068
mp-dur	0.734427517361938	0.7222834543345591	0.9739762936830916
mp-bmgd	0.7892136275203381	0.69428274805542	0.9778495163621936
mp-bmtw	0.8597911190119301	0.6945792678368381	0.9860111876074829
mp-dxy	0.935863703269254	0.565024094952004	0.9738464755246582
mp-bnft	0.921038029386346	0.733475822093906	0.9934057841320006
mp-bnkf	0.8235279807847191	0.676354212643625	0.9796477001676556
mp-bnzt	0.9330127018922192	0.583929184062563	0.9774020754466656
mp-bodj	0.762587314980648	0.7034756390236411	0.9753742560570392
mp-bodm	0.7000145686186321	0.7245224819373831	0.9678274380199484
mp-bodx	0.926320082177046	0.6937178712248171	0.9909345014157732
mp-bofl	0.79558444411117	0.7604251763443001	0.9869679148741992
mp-bogw	0.8872515300993671	0.7278314221287261	0.991181795348364
mp-bojb	0.8052108439908011	0.750065239821566	0.9868441668575408
mp-bojs	0.9473892773317952	0.8855877451841331	0.9989212129033744
mp-bokb	0.909976054662726	0.7469183821301001	0.993661888990984
mp-bomg	0.8052108439908001	0.810588233444368	0.9917298489324512
mp-bonm	0.99891227072872	0.568663027895552	0.9818506801346204
mp-bonu	0.776695774621672	0.8161453500539311	0.99009443587148
mp-boob	0.9870275120854052	0.728845208198396	0.9957656203127068
mp-bopw	0.8960383071249831	0.7900552004638081	0.9952097736227156
mp-boqb	0.948088444948122	0.7154977146253421	0.9935974321882642
mp-boqq	0.95439984117802	0.837505422585881	0.9982191684764364
mp-boqr	0.9938441702975692	0.465272259755187	0.9527173875148964
mp-bord	0.669368960122645	0.7834734224483361	0.9725314403109248
mp-bosg	0.9035832116232	0.690920206216421	0.9891913412314364
mp-bosl	0.928223668287796	0.82638925561218	0.997426458623944
mp-bosp	0.988298631031912	0.468851561050496	0.9530983191976296
mp-botd	0.799791234222823	0.7409267467395131	0.9853613674973776
mp-boto	0.8778124377320611	0.657716617235335	0.9831890040218462
mp-bouq	0.8637666587785181	0.7730112943736971	0.992857642879738
mp-bovl	0.904508497187474	0.6260229947854521	0.9814032589965856
mp-bowa	0.644515898472234	0.7558368095063001	0.9614842337867076
mp-bowc	0.8113938902440561	0.6797777075850231	0.9785936311849256
mp-bowd	0.99013558731086	0.5861915131648511	0.983803301844884
mp-boxc	0.6782059393566251	0.6935718829448191	0.9551928614632508
mp-boxh	0.982690819416636	0.794807280922116	0.997806789142697
mp-boxs	0.8798627241896521	0.6112642396789131	0.9758159681344236
mp-boxt	0.9469207120756312	0.641915477701778	0.9874178273171288
mp-boya	0.971842761399184	0.746277004699312	0.9960066671724916
mp-boyg	0.924670200131658	0.8221813300236581	0.997227044794802
mp-boyq	0.962339497969014	0.654214078519472	0.9897664839737692
mp-boze	0.8361188023797581	0.775520880073656	0.991385550583011
mp-bpbn	0.9114690517651852	0.863056794544219	0.9979316684950024
mp-bpbw	0.9170392168065852	0.8032753106439191	0.996434867692066
mp-bpcs	0.9903414984551172	0.739231422165322	0.9962852288845654
mp-bpct	0.8898876134802821	0.7360826879690641	0.99193456600648
mp-bpdk	0.8479563982961571	0.7735018465831871	0.991986703746349
mp-bpex	0.846071586935203	0.6840846842993741	0.9833803540918148
mp-bpfi	0.9617391404288412	0.846795247775138	0.9985169416874184
mp-bpgz	0.75	0.828052334105221	0.9888090849457838
mp-bphq	0.9004702104214841	0.585936355710455	0.9734957444030022
mp-bpim	0.896357705962712	0.819781360524455	0.9963630598383714
mp-bpiz	0.5808019105516801	0.820444760577076	0.957772840452928
mp-bpmm	0.9396581550952792	0.8736708280476551	0.9986318754870008
mp-bpnz	0.882235765711545	0.6357265716504691	0.9804258187654112
mp-bpof	0.8788394504570731	0.551042300244302	0.96075216671994
mp-bppu	0.722786461188447	0.736571660388817	0.974429499247074
mp-bppw	0.852069332231811	0.8180206971463211	0.9946480975422696
mp-bpra	0.747729334216203	0.7308977362052851	0.9775401502236112
mp-bpsb	0.9528584086849832	0.702750566338259	0.9930299910627648
mp-bpsm	0.92604626886219	0.7996737586727121	0.996579254469908
mp-bpsv	0.928763328096826	0.6730378646639441	0.9892918181914204
mp-bpuv	0.815473330150924	0.8430440891051361	0.9941152408472924
mp-bpvm	0.694722740396928	0.674463101716923	0.9544595131162864
mp-bpwd	0.9510669796841	0.7972707945357661	0.9971719198905414
mp-bpwf	0.96565516049961	0.709821724972989	0.9940376315562388
mp-bpyg	0.938153340021932	0.6848078013662301	0.9909299755556094
mp-bpyj	0.669368960122645	0.754287526066141	0.9671738245659844
mp-bpyl	0.810573890139154	0.815589838146577	0.9923763100693936
mp-bpyv	0.9298370030587452	0.8219887209588941	0.9973478473138933
mp-bpzg	0.982001324463981	0.7022572009275491	0.994287390401579
mp-bpzo	0.9524135262330092	0.9002482411414701	0.9991714657625662
mp-bpzp	0.9462141890618592	0.867230057064532	0.9986260071632688
mp-bpzq	0.906651955377792	0.7643019409168831	0.9944394505970766
mp-bqbb	0.9332742638064092	0.8650154293589021	0.9983792237422198
mp-bfxkl	0.924116510602618	0.723270147163204	0.992929312857078
mp-bhrg	0.8998423292435451	0.8531965688331791	0.9974421522276068
mp-bglxl	0.682113347945949	0.866086897767057	0.9851510590899366
mp-chpbx	0.8957184739826921	0.6478786359277761	0.983665084784895
mp-bqybt	0.7616955803765251	0.7088603949148641	0.9761454347437164
mp-bjiq	0.75181160081788	0.868918122145067	0.9917869730725776
mp-bsqe	0.717615549686163	0.7158740995160721	0.9696826090910718
mp-bgjuy	0.746363670774145	0.666342165960434	0.9648463983954672
mp-bxhdn	0.997369318939976	0.930953550595222	0.9998279901015988
mp-cpldi	0.613155655943043	0.8307098667276601	0.9685757792195652
mp-ueg	0.707664207178055	0.819221074745052	0.9835064763669912
mp-bxbzj	0.844936142691579	0.913249191936012	0.9975509011675944
mp-ccyz	0.929837003058746	0.9259355510538532	0.999214707925704
mp-bfvhm	0.585964550139706	0.783790146529303	0.9506811197829844
mp-bjqef	0.692308780200091	0.7697116361254911	0.9745576446089542
mp-bohr	0.928763328096825	0.7280301257231141	0.9934486522101116
mp-beuqk	0.900783492435438	0.880692864462973	0.9980844933935212
mp-crunn	0.852069332231811	0.9486013015752	0.9983997491314622
mp-cpmog	0.670353875971975	0.93220265084957	0.9892757247389078
mp-cfyzc	0.836893342109646	0.7299370310455321	0.9876851791241916
mp-bfuae	0.98442152871839	0.7133373271811081	0.9949623144545464
mp-bclu	0.8928204900251131	0.728503757284738	0.9915700038930082
mp-bfqeo	0.615704163271494	0.7522988815337901	0.9522960860469056
mp-bpjtl	0.941391831289854	0.6342730895725961	0.9860784127172983
mp-bpjwg	0.9541811295273652	0.6419911360719841	0.9879730824462208
mp-bpkan	0.9322251681904732	0.6519687624219741	0.9873954121659896
mp-bpkgu	0.945265308993357	0.496805610273416	0.9554886713656346
mp-bplcw	0.953522007145732	0.53958023099489	0.9702660133076628
mp-bpljp	0.9111713534898912	0.611130474213058	0.979730606603776
mp-bploj	0.882573097937387	0.797784443942509	0.9950192941635324
mp-bplqz	0.9830981656408572	0.8199208468164051	0.9983613049985044
mp-bplug	0.931168488778652	0.8324030695673441	0.9976456488131112
mp-bpmbx	0.968274943374096	0.8014184274664471	0.9976753756817156
mp-bpmca	0.971495267946432	0.5137491259906231	0.965878875552034
mp-bpmcd	0.945026867604526	0.721350142081656	0.9938023673825986
mp-bpmdn	0.985441977909365	0.600427045062901	0.9854116543767067
mp-bpmif	0.94163756532197	0.501888315051034	0.9566425962798404
mp-bpmle	0.847580197526219	0.544293871331476	0.9517588474173548
mp-bpmno	0.9235609606910692	0.795677136182771	0.99636958511291
mp-bpmnr	0.7417939742875801	0.6602058449453121	0.9623535469845595
mp-bpmpu	0.8056254069098451	0.6162333732699701	0.964649460545842
mp-bpnpc	0.99209780398462	0.640890223939357	0.9903836686958404
mp-bpocw	0.92659342797966	0.719682176230175	0.9928244252405476
mp-bpone	0.920472291149084	0.709373508528633	0.9917884535371468
mp-bpoxn	0.8701677331788891	0.552706788337696	0.9595419157500816
mp-bpqqc	0.914127992048802	0.6973581057674331	0.9904704424678764
mp-bprhg	0.9853162835172632	0.772006015834648	0.9972534960506308
mp-bpszj	0.776695774621672	0.665510344614319	0.9705768853543308
mp-bptbx	0.922444289476239	0.632687848199263	0.9841900441173146
mp-bptfu	0.5808019105516801	0.7931319592332571	0.9513040397634096
mp-bptfw	0.982416608370653	0.8159447480244051	0.9982711571828208
mp-bptoo	0.725594542220922	0.642985369590635	0.9536564376820104
mp-bptpi	0.7545207078751851	0.730920328563139	0.9785479087532554
mp-bptqa	0.7806084765308691	0.6883797277002821	0.9755857536568068
mp-bptsb	0.8535533905932731	0.610611634794892	0.9718100404512612
mp-bptto	0.86484254182083	0.5910661861115241	0.9691563229622556
mp-bpucl	0.9961875112414412	0.732170721818549	0.9961819056186654
mp-bpuhb	0.7223175895924631	0.682824414118912	0.963500462349599
mp-bpuhp	0.9309031361273772	0.8111368368109491	0.9970695893637038
mp-bpukd	0.9554859200764372	0.8210210312820261	0.9978849448133972
mp-bpuku	0.9462141890618592	0.768756327276212	0.9960849300117752
mp-bcucc	0.668383301338192	0.7463920051621861	0.9653321051132004
mp-bcudg	0.996746291401708	0.8168274541727201	0.9985180753086312
mp-bcueu	0.9745480724951472	0.6817464820924151	0.992681089648693
mp-bdamc	0.993085068114494	0.543131137535736	0.976364611112513
mp-bdaqo	0.8093413367405481	0.606746526131654	0.962902986235426
mp-bdauz	0.9725315375899032	0.607864857715493	0.9853242633212784
mp-bdava	0.9864283571109352	0.54805396751218	0.9766184959987722
mp-bdavo	0.77275849499389	0.743540878815886	0.9826770559207516
mp-bdavv	0.5465328559285051	0.845428099068336	0.9520590662803744
mp-bdayx	0.9621398855088532	0.5436386219778501	0.972504839580824
mp-bdazn	0.7422521454222001	0.7233281584748851	0.975464558041386
mp-bdbcs	0.9607284204107492	0.5845211131159881	0.9806694518338296
mp-bdbgf	0.7892136275203381	0.7302518096519801	0.9829604863332116
mp-bdbit	0.643513079612901	0.738304567110392	0.9570770452007308
mp-bdbjg	0.994404259244643	0.668946975415025	0.9927522827805374
mp-bdbjx	0.613155655943042	0.7585407661534701	0.953110062869876
mp-bdbjy	0.8361188023797571	0.619149238293437	0.9708674240767692
mp-hou	0.953742212270558	0.8261774388670731	0.9979672816602724
mp-hvv	0.746363670774147	0.7405318278827481	0.9787852811776968
mp-hzt	0.73164801755993	0.712447928027359	0.9716946551379338
mp-beszn	0.7237234709284971	0.7696302428290821	0.9796134762683908
mp-betkh	0.8626871855061431	0.7342148518225	0.9900620049168872
mp-bettd	0.8255196066488071	0.791141522856948	0.991763431522116
mp-betti	0.927410657319045	0.721449515031926	0.9929786432444389
mp-bettv	0.7576686256794081	0.731218703515332	0.979042448695777
mp-betuk	0.8921717459667041	0.7938004628791291	0.9952227343920343
mp-betul	0.824724024165091	0.604539116343888	0.9653554407037152
mp-betyl	0.96565516049961	0.519869772860802	0.9667467047504016
mp-betzo	0.8998423292435451	0.7028676809365221	0.9899951405514812
mp-beuam	0.991722602497664	0.562688033320217	0.9800813922264806
mp-beuby	0.9952307128483252	0.8609339134782271	0.9991674761386968
mp-beucy	0.794316065231858	0.639551016344847	0.9681300458829488
mp-beudz	0.6619587090990741	0.7308794757776911	0.9602863249561032
mp-beugc	0.9607284204107492	0.7570366995324771	0.9960856648919112
mp-beugz	0.95783129666978	0.819791623434962	0.9979032912236826
mp-beuhl	0.9753661965197352	0.602173037128212	0.9847948154193223
mp-beukp	0.944308616327474	0.747156581984719	0.9951094983261496
mp-beukx	0.8597911190119301	0.655447227178613	0.9808774152173564
mp-beupo	0.992998018535252	0.747527191574853	0.9966613900582718
mp-beuut	0.868048543559867	0.8791515909620611	0.997309113721198
mp-beuvv	0.9667902132486	0.5243946964517271	0.9682060861855684
mp-beuwc	0.992910428323236	0.768042173655747	0.9973125459258247
mp-beuxo	0.8757472358863481	0.7515250227048871	0.9921677274580636
mp-bevev	0.721848474197983	0.684245700557329	0.9637316212842684
mp-bevfn	0.7481840126976881	0.8699131732829231	0.991594653679505
mp-bevfv	0.910873204314794	0.6512167244985281	0.9855240476008996
mp-bevfw	0.84833221748924	0.7937464611547761	0.993238361907052
mp-bevfx	0.683575345678299	0.741993853611696	0.9678445100549028
mp-bevgo	0.956131575366119	0.732704211465778	0.9948641249295312
mp-bevht	0.7330389174609511	0.751234335711612	0.9783865821204164
mp-bevhy	0.7879308504927021	0.604551166185443	0.9576321592808132
mp-beviz	0.98442152871839	0.5502063913702661	0.9768316794793396
mp-bevkz	0.740876837050858	0.7815449357575881	0.983381444445844
mp-bevld	0.945265308993357	0.670904566854436	0.9901906997772928
mp-bevle	0.9054297904161872	0.7204777069780071	0.9917308380843896
mp-bevlm	0.866983494776674	0.7378607520540611	0.9906452182528792
mp-bevma	0.857236339816401	0.656854361046273	0.9807916916511896
mp-bevmc	0.7687969873794661	0.685704243094722	0.9731952226712448
mp-bevmg	0.8698155474893041	0.669092438561248	0.9838891228298772
mp-bevna	0.929569290637136	0.716107305349023	0.9927432298769892
mp-bevnm	0.90847181785963	0.5319979660945361	0.96049456615645
mp-bevnn	0.7449955758221181	0.694295718178071	0.9706458566764729
mp-bevns	0.8290820074713381	0.7761846916373001	0.990968220715593
mp-bevpj	0.7810416889260651	0.8393019691416691	0.9919564213120684
mp-bevpl	0.914713880392341	0.72098626320197	0.9922872918608976
mp-bevqq	0.995011828858278	0.861950637218987	0.9991776993590268
mp-bevqs	0.7468191627553751	0.745246051331184	0.9795274599306472
mp-bevrp	0.7367367022061561	0.692249127396756	0.9686465009196386
mp-bevuq	0.8754015911877251	0.7268826203055551	0.9903407049879114
mp-bevxl	0.7090920887581501	0.805909601083258	0.9821820682326882
mp-bevya	0.798952491528759	0.6065880259863321	0.9606800995578696
mp-bewaa	0.7531674036765661	0.709079869737959	0.9748218552171948
mp-bewaq	0.778872554489845	0.676125641051591	0.9730680926391634
mp-bewdh	0.885923284779017	0.7119765574282301	0.9898217588976452
mp-bewek	0.915297949597906	0.6945578519020861	0.9903111708685408
mp-bewes	0.872621645273525	0.690056817458161	0.9866566095014964
mp-bewfh	0.958460414417308	0.6944118560008291	0.99275319745335
mp-bewfq	0.808517937570374	0.622680141441558	0.9668135403397896
mp-bewlx	0.8453150029247111	0.7054087306659941	0.9858824922491992
mp-bewrl	0.8014647708445121	0.682666672983199	0.977694712046269
mp-bewsp	0.8757472358863481	0.5508617969409051	0.960084677352008
mp-bewss	0.666409772261491	0.70814864554454	0.9558078111077388
mp-bewtz	0.7603558273349981	0.727726462487815	0.9789091832567413
mp-bewuw	0.909976054662725	0.7128473998241761	0.9914366304621964
mp-bewwo	0.9381533400219312	0.7733090454700131	0.9960040840009852
mp-bewys	0.67624752772284	0.7632866303864481	0.9703693118028586
mp-bexbe	0.9954447091111692	0.815612209713172	0.9984757240579036
mp-bexdg	0.942371860484624	0.7714356107516891	0.9960664031524118
mp-bexed	0.9161706369203312	0.5894112164198491	0.976353984561271
mp-bexil	0.991627453781977	0.82636079580939	0.998611662582346
mp-bfihw	0.658983316916205	0.7261887720544701	0.9583635690536164
mp-bfiih	0.6669034296168861	0.834068401458481	0.9795164390186618
mp-bfixy	0.683575345678298	0.704932521144054	0.959574846276662
mp-bfjls	0.554867155545522	0.831587151563397	0.9517454151988402
mp-bfnjr	0.7367367022061561	0.6365958506072601	0.9546730752256214
mp-bfnki	0.7656992897590411	0.7676982519495681	0.98468930153861
mp-bfnme	0.872621645273523	0.605545813063849	0.9736346066620898
mp-bfnmn	0.7616955803765251	0.7240340389303641	0.9785493467004536
mp-bfnmz	0.7449955758221171	0.718613132822515	0.975119090565894
mp-bfnnx	0.973042679413772	0.61074909976139	0.9857458046732632
mp-bfnpx	0.9216019207448212	0.801409497904076	0.9965075378941156
mp-bfnqy	0.7648116036624111	0.693483670378917	0.9739681882164712
mp-bfnrk	0.9093757064030472	0.59167028672455	0.9759163271085726
mp-bfnry	0.95439984117802	0.7248391661781031	0.9943944456663945
mp-bfnth	0.668383301338194	0.75747958785382	0.9675867935557164
mp-bfnwh	0.8002101126629421	0.754504757115236	0.9868183747675742
mp-bfnwm	0.9808706547746052	0.660457807167914	0.9914171727981852
mp-bfnxg	0.93663122740496	0.585939073163536	0.9782208843410122
mp-bfnxv	0.649520396128043	0.7187865234959441	0.95378081315821
mp-bfnym	0.7736355521461811	0.670284998296081	0.9710135381102144
mp-bfnyv	0.921038029386346	0.574229111758037	0.973840514085388
mp-bfoaa	0.7500000000000001	0.766061055016229	0.9826709968149616
mp-bfoaj	0.9170392168065852	0.7392960080883441	0.993557429058736
mp-bfoao	0.9469207120756312	0.710149156445092	0.9932164209020904
mp-bfobf	0.75	0.68107208253657	0.96888035148469
mp-bfobh	0.9849360076423732	0.6793131036331881	0.9930138329850836
mp-bfoei	0.986908748738564	0.8687835357033891	0.9991738972766404
mp-bfofw	0.983232888360808	0.847228409822926	0.99883423482316
mp-bfohg	0.8976309512699521	0.7307478340479061	0.992008848722953
mp-bfohy	0.8722723092096331	0.584031635168007	0.9686819242854208
mp-bfoiu	0.675267160095629	0.6827546527960481	0.9513007791194942
mp-bfokw	0.849082709496736	0.757349029873363	0.9909326973576092
mp-bfomo	0.9123594379300952	0.656410081249309	0.986277384342115
mp-bfoms	0.7052798569310641	0.6671581313928161	0.955256798848014
mp-bfonb	0.916460620355049	0.9197670092855272	0.9989773829369776
mp-bfons	0.5761479427488231	0.794836336317407	0.9501272901272366
mp-bfopj	0.8655577973649311	0.674631566550259	0.9841739504880436
mp-bfopw	0.8472036155919781	0.773658045790458	0.99195160558506
mp-bfora	0.7599086713103551	0.781156084834413	0.9854966098451348
mp-bforl	0.672321461587258	0.6813926996982751	0.9500173325787424
mp-bform	0.876092468532055	0.7688513601905791	0.9932595567685012
mp-bforv	0.962339497969014	0.7764985108181791	0.9968220371869082
mp-bfotj	0.7481840126976881	0.7900246033799531	0.9851514364937854
mp-bfotm	0.7119416468825901	0.688427135775116	0.9624643068639122
mp-bfoty	0.972872817306558	0.7887272211851181	0.9974426416710478
mp-bfoua	0.928493733140268	0.8989999074997821	0.9988560151021328
mp-bfouq	0.8687565586790871	0.7317046450646061	0.990278116887402
mp-bfovt	0.7656992897590411	0.7204770093305941	0.9785851592716432
mp-bfoxa	0.8648425418208281	0.5607662963873841	0.9609578121861568
mp-bfoxk	0.929837003058744	0.8946558014155571	0.9988120619554258
mp-bfoyw	0.8010468814325961	0.746277490906429	0.9860598546518414
mp-kyb	0.8068670829159511	0.854641338641267	0.9942377157885964
mp-bfspx	0.66443332336929	0.7151249067719431	0.9570715083030024
mp-cflos	0.95129264217493	0.889581472616624	0.9990249300409482
mp-xjc	0.988185749658472	0.935294496449572	0.9997991493932508
mp-bfwbl	0.897948173340508	0.7100091822689071	0.9904668396640662
mp-bmlrm	0.744082168348835	0.840527855484118	0.9892690326733924
mp-bpice	0.8565028711085271	0.935389648655512	0.998255622665018
mp-bqvig	0.8553997369364961	0.789696907045993	0.9933801881729136
mp-cjldn	0.672321461587258	0.715519847316973	0.9592827351433232
mp-bgkht	0.9664139076986472	0.934789548728718	0.999641829060001
mp-clfym	0.719969584927957	0.793532367207462	0.9821517020872989
mp-clfmg	0.9983754115119252	0.8863859806818241	0.9994781263914
mp-xyi	0.98678945143658	0.8337519356432831	0.998667747689108
mp-cgiqs	0.627385362841691	0.940637277930286	0.9851431295560904
mp-clirl	0.924116510602618	0.785634586633797	0.9960221095121776
mp-lwf	0.695686833418601	0.870789556486607	0.987103141159789
mp-bqdn	0.673304122722417	0.8287005145136991	0.9798338207636
mp-cqqsa	0.991817211979228	0.9371383648433512	0.9998341272430016
mp-bcjo	0.665421910626108	0.785799197924629	0.9721448266679364
mp-ked	0.7260616928455751	0.8781904395981841	0.9904618102527464
mp-clhwt	0.958251210953448	0.8531046130091611	0.9985725638109936
mp-beudr	0.985190056916352	0.8274662855478561	0.9985351503579392
mp-bqoj	0.790493550126229	0.85035593520712	0.9931615521641062
mp-btwe	0.7362753824345271	0.7811154142894571	0.9827654439164462
mp-bkpir	0.989290452162736	0.886786929615148	0.9994005216622548
mp-bfqah	0.910574604566849	0.823028519186018	0.9968833474077404
mp-bfslk	0.7630327505883251	0.6178701240671981	0.9556940339372664
mp-brsb	0.8072803024880321	0.705863069171211	0.9819109139199084
mp-bfjxx	0.712415762802527	0.8330222455952131	0.9854953670064296
mp-lir	0.7849266747359611	0.7946545912625751	0.9890866393104708
mp-cpdog	0.7572197668907501	0.788834104180226	0.9859939023021048
mp-ckxzf	0.860154512443952	0.8419501739117681	0.9959373542718898
mp-bfun	0.8698155474893041	0.8675307764858391	0.9970477685305116
mp-cppvl	0.8895595957318271	0.6169789238279171	0.9781494593225312
mp-bqvcg	0.658486804838677	0.9105111188038152	0.9863622778403311
mp-clhke	0.873667200183143	0.8336310662121731	0.996106665466746
mp-cqpez	0.8345653031794281	0.9218527543057312	0.9974891003537611
mp-bfuaf	0.849831670256682	0.764835194912818	0.991516780494105
mp-cjljo	0.759461230263986	0.8620645921591741	0.9918980310185382
mp-bguu	0.7806084765308701	0.630636561717661	0.9632538993828114
mp-bctcq	0.943344127850278	0.782005491109359	0.9964805160667852
mp-brha	0.799791234222823	0.770198174455605	0.9882551597211908
mp-btvi	0.8415094286712691	0.698968190968079	0.984769522102813
mp-psn	0.8931442160683091	0.73082667028598	0.9917555581763252
mp-cdbk	0.8712218530991721	0.8647824958650351	0.9970103047553344
mp-bnqdv	0.8934675109806671	0.9220419679444792	0.9986800587366552
mp-bqbr	0.9814402132792932	0.652638126493106	0.9907962386638696
mp-bqcg	0.824724024165091	0.792983879824385	0.991833843678345
mp-bqcm	0.824724024165093	0.7173241256524581	0.9852357101999294
mp-bqcu	0.8619655473453981	0.6652351316784021	0.98254618134466
mp-bqdf	0.668876223327162	0.7083511594855251	0.9565447221528296
mp-bqef	0.985939430641644	0.76777292726678	0.9971419559612472
mp-bqeo	0.866271449393689	0.819908286467379	0.9953168385807768
mp-bqft	0.773197173367134	0.7151949524166661	0.9788463748562451
mp-bqgh	0.803549249855188	0.7502436812320351	0.9867066008435628
mp-bqgu	0.966977598287549	0.8488393282896981	0.9986319889497932
mp-bqgv	0.8509522331226751	0.828252270722967	0.9950502812035008
mp-bqhk	0.8453150029247111	0.777197171731394	0.9920693784907662
mp-bqhm	0.6314314116494051	0.824765860964467	0.971657646032232
mp-bqiu	0.7251271442041931	0.7037017450618991	0.968718652680533
mp-bqjr	0.843797294067483	0.8455632868477071	0.9954662266685368
mp-bqky	0.951742482216517	0.8696360236353061	0.9987458225908512
mp-bqls	0.88054282447119	0.767776244581253	0.9934221968169722
mp-bqmk	0.9780502044892352	0.661645986651274	0.9913569774588592
mp-bqmp	0.9830981656408572	0.7774496224115761	0.9973594111826438
mp-bqmr	0.972531537589902	0.7796898640155611	0.997177749116731
mp-bqoc	0.7951619746781471	0.683781530317729	0.9769790883856082
mp-bqop	0.760802697847554	0.7448150507733301	0.9813537610930188
mp-bqpu	0.7540698849295301	0.825280557405853	0.9889431766358232
mp-bqpw	0.994636166481494	0.5306921437024721	0.97374542320468
mp-bqqf	0.955052985342497	0.7461782555644151	0.9954511955501908
mp-bquv	0.960524759782044	0.613901772282759	0.9851021133601642
mp-bqva	0.926320082177046	0.66433525612097	0.9882607028391236
mp-bqvv	0.9837664785308152	0.794481313502267	0.997820233237403
mp-bqwh	0.933795961933412	0.7737626828222121	0.9958801518687712
mp-bqye	0.913245754273829	0.742879070497886	0.9935852574021212
mp-bqzu	0.945265308993357	0.5223197923475	0.9641173640617244
mp-bran	0.69616855830178	0.6887489714691231	0.958697498950302
mp-braq	0.9117662988142132	0.7555100886452241	0.9942102434763992
mp-brbb	0.752263811907508	0.674733062558814	0.9679588006037508
mp-brbc	0.8357309794091501	0.766878169877221	0.990740262949954
mp-brbs	0.740417871954506	0.649885248985086	0.959350370752114
mp-brbw	0.9483205183926172	0.6721074912782341	0.9904869127345178
mp-brbx	0.9327506651265092	0.678422248829052	0.990050453492118
mp-brcd	0.8757472358863481	0.602956280459304	0.9735500786452792
mp-brci	0.792620377012754	0.608276801587471	0.959776617747366
mp-brcw	0.868048543559867	0.676273392944435	0.9846272039211954
mp-brcy	0.943827345510814	0.8114804079238801	0.997395724881783
mp-brdj	0.59677473402543	0.7911420457160611	0.9560190054399836
mp-brdw	0.953522007145732	0.880586561677236	0.9989313285789184
mp-bref	0.976489670758609	0.7423408728933241	0.9959930359666536
mp-brfg	0.719028690890123	0.719958531929846	0.9707524572432076
mp-brga	0.9842915805643152	0.7139566991795021	0.994988265891413
mp-brgc	0.8130297890850801	0.7096827163714601	0.983077263634527
mp-brge	0.781907188651713	0.84758145592232	0.9924999454074116
mp-brhp	0.7513591135859561	0.7670411337173281	0.9829552381001828
mp-brht	0.938405345365298	0.7821549054641701	0.996340001364594
mp-brid	0.966602316316949	0.8810526753394271	0.9990982807256428
mp-brio	0.9837664785308152	0.8760149828048761	0.9992270969128896
mp-brip	0.984161101325142	0.719161847069789	0.9952350966833684
mp-brkt	0.997260947684136	0.675398877457495	0.99331996577584
mp-brlb	0.632441493631392	0.7427932389010911	0.9549913451601062
mp-brlz	0.8902152036691641	0.8603279984025881	0.9973886511100846
mp-brml	0.969004990429113	0.8678688432887991	0.9989516241442526
mp-brmw	0.867693930390508	0.740365588729827	0.9908839024301104
mp-brnd	0.8097525277052271	0.617606265562158	0.9658012201178992
mp-brng	0.953742212270558	0.658876334889828	0.9896436237912388
mp-ejf	0.9774322723733212	0.8177182082977621	0.998221732505416
mp-broa	0.700973888327979	0.7301782934473721	0.9691605398864966
mp-brow	0.6182494985118621	0.8064808967171091	0.9653295130658404
mp-brpk	0.9800005001937032	0.8302082503397991	0.9985048834079244
mp-brpp	0.7892136275203381	0.780638266957368	0.9882645298335336
mp-brpv	0.9497026257831852	0.8713760509003581	0.998743676991715
mp-brqf	0.8223287443137951	0.6268778193547171	0.9702620068999972
mp-brqi	0.8403604344794581	0.699878458024023	0.9847632836561488
mp-brqv	0.8865882553218031	0.8795735584911291	0.9977636332731606
mp-brre	0.8698155474893041	0.8822839129881901	0.9974323861323175
mp-brro	0.979409867434096	0.752125271936079	0.9964527506534196
mp-brrp	0.9179036806841352	0.8353539065996151	0.9974165795042432
mp-brsg	0.778872554489844	0.8076095510889101	0.9896222407363576
mp-brtg	0.945265308993358	0.619802691809875	0.9845470400165706
mp-brue	0.935863703269254	0.6326666676604661	0.9854049162235948
mp-bruh	0.955052985342496	0.9570865150912812	0.9997257595168564
mp-brva	0.997037661968002	0.856925717145238	0.9991368488114936
mp-brxx	0.9179036806841352	0.6981453859861031	0.9907735059533628
mp-brya	0.955485920076436	0.825209618833574	0.9979795669430364
mp-bryv	0.933535350582244	0.6928551752234791	0.9912969081880156
mp-bryy	0.8808822488305	0.8125175911631881	0.995571403901706
mp-brzd	0.604979930431619	0.8661480149010331	0.9725435999533586
mp-bsab	0.925222026849434	0.7075989800408641	0.99192684865
mp-bsam	0.676737421889628	0.757148087226563	0.9693300586503292
mp-bsbr	0.7806084765308701	0.6936606225506281	0.9764904903075882
mp-bsca	0.9778965073991652	0.638673877697402	0.9892824617578138
mp-bscd	0.9931715769655012	0.7509933588123371	0.9967848426707276
mp-bscy	0.877469271020726	0.637030351836067	0.980076350154278
mp-bsdw	0.979409867434096	0.6504958454052301	0.9904886414844778
mp-bsew	0.95196665927397	0.8437868590344261	0.9983004121504327
mp-bsfn	0.969905975543159	0.8622887677697181	0.9988834028496926
mp-bsfo	0.847580197526219	0.8602676376626801	0.9961392285102526
mp-bsge	0.970262763801458	0.914781423626958	0.999501786036882
mp-bsht	0.873667200183144	0.682929049794583	0.9859514419999652
mp-bshy	0.730254831386496	0.685486960345506	0.9658506861957572
mp-bsix	0.8757472358863481	0.737456220750458	0.9911809413262423
mp-bsiz	0.9221639627510072	0.8135551844605261	0.9969117184889628
mp-bskb	0.983367081156648	0.7551567407663291	0.996668632036595
mp-bskj	0.997037661968002	0.8272033722846711	0.9987032448147302
mp-bskw	0.869109959852522	0.6994751648738261	0.987356806075674
mp-bsmh	0.694722740396929	0.662133045912174	0.9508510988850356
mp-bsnm	0.8875825306666961	0.7837599268247971	0.9945810885174392
mp-bsqh	0.8349542293830851	0.649404270640582	0.9767036868427684
mp-emb	0.866271449393688	0.694712215884394	0.986607962122818
mp-bsrl	0.9363758644725112	0.770216846462609	0.9958247515212192
mp-bsup	0.98282713102016	0.685075104221412	0.9932947767439292
mp-sbl	0.6167226819279501	0.7489392972102541	0.951733907743273
mp-crnok	0.882910010624918	0.729025431974549	0.9909997756760576
mp-sdr	0.597288378662545	0.8157207189593061	0.9616153435589662
mp-bfqcc	0.936886111517732	0.8618602283448421	0.9983828207081094
mp-clfxl	0.9838985501644332	0.818598688516834	0.9983486717747028
mp-cgbbm	0.781907188651713	0.7832825344207791	0.987853699583622
mp-bqyjy	0.669368960122645	0.7067778145547211	0.956269588192104
mp-bjcaj	0.844556904193674	0.715504205713108	0.986901025607194
mp-bpfgu	0.8754015911877241	0.8947923808291751	0.9978503323546704
mp-brea	0.694722740396926	0.7970281723974261	0.9790008648599028
mp-bflq	0.7634778977483401	0.962023019986224	0.9963662223079772
mp-cnhnl	0.6966500680620831	0.7817568793159381	0.9771574028294612
mp-clfzl	0.8892311507835111	0.841229887153895	0.9968347667886062
mp-btbd	0.7468191627553751	0.8592903420132261	0.9908212015413208
mp-bctjg	0.852069332231811	0.8837451313557	0.996997693159592
mp-cdjrt	0.771880241389396	0.676440335578073	0.9719391231068464
mp-ogq	0.8072803024880331	0.910911486138734	0.996385991743406
mp-cpsjj	0.971320745546089	0.851441458017952	0.9987371962663868
mp-ckxdm	0.9747127388209512	0.8699743767418361	0.999050209069547
mp-bimpq	0.943827345510814	0.979095334412872	0.9997979146665076
mp-clexm	0.887913106202259	0.8269634226228211	0.9963412442088244
mp-qns	0.59420493022898	0.8759535487814161	0.971674132344814
mp-cjlfw	0.798952491528759	0.6967933863389311	0.9795729105242608
mp-bfoai	0.717615549686163	0.6839735715442521	0.962705491959132
mp-crqea	0.9758508168009912	0.8143250177858521	0.998122611981292
mp-bpdu	0.8403604344794581	0.596147622606503	0.9661282920335568
mp-crgmp	0.656996227983704	0.749586396318304	0.9632771631088324
mp-igl	0.974382885769196	0.8976276503436981	0.9993715570277464
mp-bsbgp	0.6060035549610271	0.783885147622383	0.9571266469116858
mp-cprtw	0.979260894508687	0.7969343106855591	0.997790033183814
mp-bjzzf	0.999045967632602	0.822805242391301	0.9986574564861987
mp-bfutw	0.6728128869100971	0.6949179987417401	0.954045429491106
mp-bhdph	0.6379864413243701	0.8422035613177811	0.975643826709044
mp-qnm	0.873319091142695	0.700338825919676	0.987792182365642
mp-bnqlw	0.982553978483446	0.639769165720904	0.9896908487858777
mp-bfnma	0.659975817492869	0.744662240727719	0.9629348523740192
mp-cnhor	0.676247527722839	0.706997153212482	0.9581862658747652
mp-cqqxx	0.6485207907885171	0.891880109573408	0.9833678084205456
mp-brmo	0.868048543559868	0.932553138292439	0.9984220285652
mp-irq	0.774511408999065	0.8585856960329231	0.9926649347471764
mp-cpqlg	0.8705195129341671	0.7142689124220221	0.9889077342774488
mp-bqwyq	0.7616955803765231	0.807010764608297	0.9881109681437829
mp-bhwp	0.5413171363797701	0.912060139733938	0.9640215875266748
mp-cpikj	0.601906311853943	0.815597998361912	0.962865404370966
mp-bfhef	0.6619587090990741	0.7915207203973511	0.972419787257913
mp-clfyw	0.954618054523534	0.8426181593858131	0.9983234244930888
mp-bcew	0.687950410360293	0.8147582724519611	0.9802894398339774
mp-bpbu	0.696168558301778	0.8797576160265801	0.9878930311010884
mp-bijm	0.6644333233692921	0.77337099455291	0.9697488972177456
mp-biuie	0.9246702001316572	0.8324762653322281	0.9975010595036696
mp-bihs	0.5957471269385051	0.8894634406946511	0.9740187060566672
mp-bxiul	0.782339475033038	0.8772767811205041	0.994053347289498
mp-cqyvm	0.578217232520116	0.860086856194712	0.9650380756788388
mp-onf	0.6510185730123651	0.82848157333824	0.976076379197895
mp-clgcg	0.967906837919245	0.850303397618105	0.9986699422199234
mp-cljlk	0.8535533905932741	0.8435281941064201	0.9957577357951004
mp-besf	0.8960383071249851	0.970399700613027	0.9993154406730766
mp-bjgul	0.980292658943355	0.5719878585524311	0.9805492731823142
mp-bkaqg	0.7810416889260651	0.810754670260019	0.9900307633418844
mp-lvc	0.8747090671483541	0.8826078785779521	0.997559681890593
mp-ctg	0.983898550164432	0.623002961427167	0.9880493338229926
mp-kdu	0.6811376833522711	0.896613955391349	0.987706129005063
mp-ckhyl	0.7204396703693301	0.8345770170281851	0.9865185123549464
mp-bfikx	0.8101633789882771	0.837953112099249	0.9935934853836568
mp-bfucn	0.939658155095278	0.7122966113447371	0.9930014214182522
mp-crpfj	0.9808706547746052	0.9746623851754932	0.9999881103736143
mp-bralx	0.862326565093523	0.70234302857491	0.9870791632905582
mp-buge	0.965845613792774	0.6408589698329941	0.9886885629564784
mp-cqqva	0.8337863505233951	0.8676269222065001	0.9959045573847868
mp-clewz	0.815473330150924	0.781659379475369	0.9904225315890062
mp-beuhp	0.953742212270558	0.7701775264653391	0.9963661445464268
mp-ccpj	0.597288378662545	0.8985795465070591	0.975600391234108
mp-bxhni	0.782771451794511	0.607170998254633	0.957215592439294
mp-bxhnq	0.747729334216203	0.7721632501047221	0.9831209257476068
mp-bxhns	0.7960065893996101	0.7666334714577361	0.9875985762028155
mp-bxhnt	0.789640586171338	0.7101652908736411	0.980320307267247
mp-bxhot	0.8921717459667051	0.7922066691402371	0.9951537845799312
mp-bxhuf	0.622315262811452	0.749893839627866	0.9537427076372
mp-bxhuz	0.7797411290510821	0.7899590258226871	0.988250464768401
mp-bxhvb	0.6182494985118621	0.800969525671217	0.9642398239494868
mp-bxhzg	0.692308780200091	0.8632899124291581	0.9860752631405744
mp-bxiaz	0.8472036155919781	0.8152681952286001	0.99430042650941
mp-bxibf	0.9601159236829352	0.710246873438743	0.9938240491687006
mp-bxicz	0.9363758644725112	0.638965709282691	0.9862297773770416
mp-bxidc	0.944068224406772	0.73118267176407	0.9943055390531302
mp-bxigq	0.98442152871839	0.724466311829923	0.9954885282883044
mp-bxigs	0.843797294067483	0.7840948500085091	0.9924177333984836
mp-bxjlt	0.8175001047143771	0.7289016994673281	0.985811977512824
mp-bxjzx	0.976011313472838	0.528692122534512	0.9707213829226088
mp-ncl	0.8842534586095381	0.615323869393941	0.9771714450127544
mp-ndk	0.987263436393288	0.8350869310688641	0.9986967080287812
mp-ndl	0.976489670758609	0.581343972654224	0.9817537045090662
mp-ngn	0.774073630850294	0.730946969832953	0.9812088593191096
mp-nkx	0.8921717459667051	0.694786811306187	0.9887194509682936
mp-nld	0.673304122722417	0.7181222886581	0.9601710790557476
mp-nsk	0.7599086713103551	0.807660383348286	0.9880040719407278
mp-nve	0.62890369410703	0.8500379746340391	0.9750422890949292
mp-nyp	0.72792781118175	0.778591526326561	0.9813751249238872
mp-cbrse	0.7960065893996101	0.5927829930481551	0.9559227584642938
mp-oct	0.8064535268264881	0.7141302494165751	0.9829028760625234
mp-okc	0.700494338406619	0.7886737534098851	0.9787518669653372
mp-cdkju	0.6889203934092331	0.778971069112339	0.9754263142188144
mp-cdkss	0.7964284100805291	0.8161736037244841	0.9915141871236408
mp-cdkwx	0.672321461587258	0.701131039999047	0.9555939470064122
mp-cdluo	0.866271449393688	0.795056343272284	0.9941909176142126
mp-cdnbl	0.9853162835172632	0.5329907393734691	0.9730767089638152
mp-cdogn	0.990238811686472	0.463211720073662	0.9511222658843524
mp-cdojy	0.8072803024880311	0.7461232234120481	0.98664163052595
mp-cdqcv	0.7705606260634381	0.879040320723214	0.993504647355734
mp-cdqxf	0.932225168190472	0.7922165031036441	0.9965078641858092
mp-clhmi	0.957409374114054	0.728033843504706	0.994680300937234
mp-crrpp	0.902032221980568	0.9552416028189292	0.9992236301002032
mp-bpjuw	0.7630327505883251	0.9051223455835832	0.994309589877333
mp-caul	0.8150669355926871	0.8325657116142281	0.993575332930974
mp-btge	0.6202834359044951	0.8448416573581311	0.9725161262565072
mp-bics	0.9155893012230072	0.8697702622690101	0.9981520132351116
mp-clgnk	0.9042005118087272	0.817944840127885	0.996540973991856
mp-bqyvj	0.778872554489844	0.8660326334955021	0.9933188140517092
mp-ouc	0.9216019207448212	0.7094853243441971	0.991860350643325
mp-dedjt	0.6258657743342491	0.7799057334724361	0.961852871672016
mp-cfjlv	0.732111905568912	0.9062135684044752	0.99257275566813
mp-bfoar	0.593176281613451	0.802363519645447	0.9575123710722372
mp-msx	0.927410657319046	0.7349137668263801	0.9937859429366148
mp-ckwfd	0.7358138035579711	0.8598182447549441	0.989991173445925
mp-bfdfp	0.985939430641644	0.906377718171507	0.9995584684245444
mp-bqxcg	0.726528595565864	0.8635206408299141	0.98947624416852
mp-crpwh	0.582868061414061	0.911710173228712	0.9744158819553096
mp-bhth	0.982416608370654	0.9104257272412132	0.9995653131784066
mp-bivbl	0.931961708596417	0.8136113230892401	0.9971679156474618
mp-cgino	0.5895728224417911	0.948762999870518	0.9802539361753272
mp-bpqy	0.6535122149857461	0.8040072358933411	0.9728018198477324
mp-bftga	0.9716692732944032	0.84426569912583	0.9986245572375064
mp-bcsso	0.8694629562516291	0.93516402885306	0.9984901877877412
mp-qhq	0.8579682415109161	0.818081503186547	0.9949036569126356
mp-clfpz	0.984550945644864	0.8583310952905011	0.9990113109893906
mp-beia	0.932488153796634	0.622224414459276	0.9836951865654282
mp-uox	0.6634440148274721	0.8607253394435961	0.982158160327219
mp-chpkf	0.657493259827653	0.707892555522269	0.9531783134458468
mp-bfoof	0.5407953057840791	0.8711997755627401	0.9558505797866056
mp-clgcs	0.8835825759076491	0.8556556702950561	0.9970938476586853
mp-brkmx	0.945977702388575	0.6542457549514841	0.988661789613342
mp-crpvj	0.776695774621672	0.838456565599434	0.9916150592165934
mp-bqwoa	0.7500000000000011	0.723900276628434	0.9767873233650473
mp-bsny	0.832615177327179	0.8370077424977921	0.9946417488047434
mp-bewsm	0.7513591135859541	0.956098902659799	0.995708875257761
mp-bgpi	0.8791809576443611	0.8876446665683501	0.9977782672269994
mp-clhkk	0.91876402002107	0.808120326388416	0.9966467059129256
mp-ciwew	0.8286876228970471	0.959181316727685	0.99812419749365
mp-bgjpw	0.966602316316949	0.8034192501910231	0.9976903840631484
mp-chpga	0.92439358806694	0.8486625437426191	0.99788129234028
mp-cgdcv	0.9571976603121872	0.854607518014949	0.9985820720040623
mp-cehus	0.8290820074713361	0.859177263198976	0.99541320357792
mp-brrl	0.562666616782151	0.8884644997591461	0.9659116125321012
mp-clhix	0.967164471228306	0.8144848831564201	0.9979644699174832
mp-bgqzl	0.7133632953029461	0.842167214226308	0.9864605668699692
mp-cpkug	0.9791113960149452	0.8985699776946181	0.9994256870756836
mp-usr	0.582868061414059	0.8028546046288231	0.9543840901364046
mp-cptgc	0.970970150354395	0.523286733397593	0.968535287485774
mp-brgzi	0.614175435055327	0.9737540259587252	0.986240426100378
mp-bgxs	0.8101633789882771	0.7098162141977351	0.9827701769719852
mp-cgaml	0.906956382595308	0.65368549792226	0.9854776905916252
mp-bqlo	0.972872817306558	0.887250214631053	0.9992427681949132
mp-brgbr	0.7024112136346721	0.9095339321432292	0.9905931576904152
mp-clgkx	0.816285080956562	0.755624870970773	0.9883478503293788
mp-cjmbv	0.968640994745946	0.912847682451087	0.9994693354560727
mp-cruoo	0.551222656873533	0.941890552842731	0.9714773883710256
mp-ckxxk	0.9401559059334592	0.7411892330188241	0.9946623335788384
mp-cpfcb	0.6860079751934901	0.699163939521388	0.9587521943826458
mp-bjxvq	0.5694137118613171	0.809141143114346	0.9513845750891328
mp-cpura	0.778002756657146	0.8609673939753291	0.9930039437766652
mp-lqs	0.957409374114055	0.6396973209640441	0.9879624133122628
mp-ckvim	0.7209095140715731	0.670639338414427	0.9601568913837824
mp-bftsp	0.913245754273829	0.5524697944062671	0.9673643827014788
mp-cksgr	0.6801612242000981	0.93862909799954	0.9905737648201528
mp-bfrbm	0.767913397489498	0.7761431914966981	0.9858193656661774
mp-clgdk	0.823927017282937	0.8567228735468211	0.995103906663237
mp-bfptx	0.9327506651265092	0.903851685345309	0.9989795461058136
mp-bivu	0.982416608370653	0.7511382070897901	0.9965013197254818
mp-bpkk	0.942371860484624	0.653331608136119	0.9883083429189984
mp-bftgp	0.8960383071249831	0.667980500816979	0.9862167847644508
mp-ckunb	0.9093757064030472	0.8375624789240451	0.9972671740573208
mp-cjlbc	0.6116250580054751	0.7666670070848071	0.9546868645551108
mp-bfzhe	0.7656992897590411	0.79790717530034	0.9876818631634928
mp-cpstg	0.8502055753919021	0.819994265409944	0.9946561396368848
mp-tbp	0.611114613125697	0.8065274907762231	0.9634973927469644
mp-clt	0.6569962279837	0.9448924092617752	0.988861371608046
mp-cqtfu	0.753618783365094	0.8096212302275211	0.9875896489899626
mp-crumn	0.901096334941153	0.903776297974212	0.9985130659319345
mp-bflys	0.659479654649035	0.783513503883959	0.9705339095441364
mp-bfynp	0.9897173160115632	0.608040347331403	0.9867319991873148
mp-bigv	0.8399766893612081	0.779897220363983	0.9919227206209376
mp-cleyf	0.797271075769855	0.8424629018097851	0.9931248281351972
mp-cliqd	0.831440721353447	0.782781780715405	0.9915822316522452
mp-bsrb	0.8453150029247111	0.7537635564741011	0.9904062176346498
mp-bphee	0.7486384190149711	0.869636525946588	0.9916097577434128
mp-bfyla	0.5787343419440101	0.8250296235369871	0.9581433782074572
mp-onr	0.583384373358051	0.8870989809987161	0.9709219281348652
mp-pkn	0.8318325707162301	0.79192843970598	0.9922021728273732
mp-bizx	0.982416608370653	0.866837062117019	0.9990991958056932
mp-ckhxn	0.99408745955514	0.645899660441278	0.9909430191344722
mp-bdsq	0.843797294067483	0.797828508674693	0.9932274187587976
mp-bhed	0.992282167264602	0.68122856836232	0.9934730357031064
mp-bfoud	0.989822689677161	0.6749903664341621	0.9929516898699744
mp-jja	0.5115181540938021	0.8943449782770281	0.950248244801513
mp-bfiyh	0.782771451794511	0.8695464718041571	0.9937094673616989
mp-bfpsk	0.5559079079260031	0.8499560907581971	0.9563163099626726
mp-bevqw	0.8875825306666961	0.72575797949494	0.9910457224758954
mp-bpks	0.8158793787539781	0.8193823806452981	0.9929079183612696
mp-ceuun	0.5761479427488241	0.923932745277876	0.9746520522954296
mp-cqqhq	0.6238377265381481	0.9406410273995032	0.9846743263831064
mp-cpral	0.8953982068865761	0.7426006076166021	0.9926732955827664
mp-elb	0.9801468428384712	0.50754635686035	0.9653961005048785
mp-cktpp	0.9170392168065852	0.6982935966668861	0.9907315930648564
mp-fbk	0.9567727288213	0.8567770564129581	0.9986122511210556
mp-cpesd	0.918764020021071	0.7210556474883201	0.9925090476922598
mp-bcsqr	0.9295692906371352	0.854686173276041	0.9981123363165731
mp-cppcb	0.969004990429113	0.926499205810994	0.9995944183678792
mp-bftca	0.717615549686163	0.824968177042239	0.9852930638915748
mp-cqxwa	0.955916856826287	0.91179784315874	0.9993379074954634
mp-cpgyj	0.6505193455979601	0.7555875887166911	0.9629683979401626
mp-ftf	0.96508073757047	0.52691159425818	0.9686390280184984
mp-bsepd	0.7576686256794081	0.681188124140088	0.9703499491169832
mp-lpx	0.5621471124734201	0.8757784866346641	0.9634712060748978
mp-bdpd	0.610604046395122	0.9625709103747052	0.9848360832083504
mp-crujm	0.894434805389766	0.8834083929139871	0.9980127145747628
mp-bqte	0.963329950732086	0.737128184613002	0.9953362322937676
mp-ktd	0.552784933328304	0.858408148709995	0.9571184310876124
mp-bfrqd	0.628397724304094	0.801416938165446	0.9668497263781108
mp-cehyl	0.6728128869100971	0.7285561729367661	0.9624932451434672
mp-gdb	0.855031245528962	0.8074719534674131	0.9942851215640788
mp-clfmh	0.903892083174558	0.8018935960397611	0.9959683702879044
mp-bgnbu	0.85169735140525	0.868494172546706	0.9965415278299392
mp-cqqpt	0.656001648344207	0.9852070572215372	0.991294143340013
mp-crgao	0.5988286701895661	0.8746623260948001	0.972502161547416
mp-cfjwx	0.8142531103936671	0.8417315788545421	0.9939917229235544
mp-nri	0.9664139076986472	0.6007790962286	0.9837988983848416
mp-bevrn	0.7362753824345271	0.77815152774254	0.9824116919714206
mp-bjyde	0.751811600817879	0.8625109462306121	0.9913947278212596
mp-bfrjk	0.7481840126976881	0.7065103957691371	0.9735322074698572
mp-bpjzg	0.747274384069129	0.6941438612527341	0.9710364778509027
mp-cdqdk	0.8608801140491811	0.7442786717357721	0.9907335832237558
mp-rot	0.924116510602618	0.908161961335356	0.9989240485975248
mp-clfsu	0.8855901645069021	0.804481911369462	0.9954216857993152
mp-bkygo	0.984161101325142	0.743513122132687	0.9962691424130729
mp-gyk	0.7033683215379001	0.804392661567045	0.9812189574083942
mp-bbys	0.9020322219805672	0.7522343656132	0.9935875243874304
mp-bzgy	0.8002101126629421	0.935179510797517	0.9968515850221148
mp-cksiu	0.9431017896156072	0.672687841378652	0.9902104194751836
mp-criiz	0.7024112136346721	0.8585199425847051	0.9867553612580128
mp-bjer	0.881559844125098	0.896027154742666	0.9980069969316768
mp-bjfc	0.9020322219805672	0.578027547166238	0.9719579178921732
mp-bjfi	0.928763328096827	0.950503238598912	0.9994547273557124
mp-bjgx	0.993925808396613	0.464481893907953	0.9524033810764692
mp-bjhb	0.590602881813569	0.7960977861293821	0.95525850699289
mp-bjhy	0.631936524982684	0.7901510010325211	0.9655258560717436
mp-bjki	0.6354682361481281	0.796151092110981	0.9675288484281964
mp-bjkw	0.972872817306558	0.7960930035549221	0.9976373091761122
mp-bjmx	0.717144024644902	0.748386463472957	0.975422866636875
mp-bjmy	0.706234276036069	0.8440172873793391	0.9858527231504252
mp-bjnd	0.7656992897590411	0.721919334041484	0.9788019395762536
mp-bjom	0.8361188023797571	0.772529585796725	0.9911758941198794
mp-bjpi	0.9330127018922192	0.720473267868024	0.9931925723886134
mp-bjrq	0.962339497969014	0.8908600078655	0.9991707463281698
mp-brson	0.707664207178055	0.67190687463372	0.9571942139167772
mp-brspr	0.7057571793025541	0.7091957232142371	0.9658263729621812
mp-brsqf	0.7152555484041481	0.668016645962204	0.958077212817643
mp-brsqr	0.9789613721168132	0.7338199968283361	0.995718357367032
mp-brsqu	0.6619587090990741	0.7412206563386161	0.962663383170822
mp-brsxq	0.9241165106026192	0.672337829978631	0.9888982799376896
mp-brsxu	0.9126553293464992	0.669448992697658	0.9877499501941714
mp-brszg	0.956559511598267	0.63025907993128	0.9868286596502596
mp-brszw	0.693275000657242	0.7708321531811051	0.9749096159285144
mp-brtaz	0.943585979903753	0.6486498548007861	0.9879033738600156
mp-brtbi	0.8898876134802821	0.69217850097277	0.988293587017154
mp-brtcv	0.966224987600308	0.738528101862419	0.9954990129115144
mp-brtfu	0.6995345794901481	0.664185129383093	0.9528324027654608
mp-brtkb	0.6450170704576841	0.7755558358683591	0.9657899822313256
mp-brtll	0.9129507682357392	0.7720945558823631	0.9950657973431845
mp-brtnw	0.928223668287796	0.7036366341879671	0.99180694655545
mp-brtwd	0.954618054523534	0.8083226867327391	0.9975572076056376
mp-brtxd	0.8784975278258781	0.6834054211088221	0.9864358663740452
mp-brtyq	0.771440667121258	0.7867480458342281	0.9872036381698348
mp-brudp	0.63244149363139	0.751910569258687	0.9572605246524338
mp-brudy	0.8195181748520801	0.771542866951157	0.9899423294884214
mp-bruha	0.89184672866292	0.5778735314891981	0.9703614022713412
mp-bruho	0.950159385701096	0.7174445937294901	0.9938045205126274
mp-bruie	0.937140516531316	0.7019858734161081	0.992177569247057
mp-brukl	0.943585979903754	0.7285418893683521	0.9941428495064496
mp-brumq	0.691341716182544	0.7072389538915581	0.9620636399679398
mp-brvth	0.99579050221863	0.897570390781197	0.9995604638060543
mp-brvuf	0.93865686994345	0.617605819813975	0.9836279175386304
mp-brwbq	0.99013558731086	0.710450189948966	0.9950262790321922
mp-brwew	0.762587314980648	0.6676274077477831	0.9684133292819777
mp-brwlj	0.8101633789882771	0.597626065306265	0.9605416913763182
mp-brwmq	0.673795168485518	0.68803703559044	0.9523959288230972
mp-brwtf	0.9340560975741192	0.842725634738107	0.9979456334519377
mp-brwti	0.973212022771688	0.56021456862745	0.9775566448727367
mp-brwxp	0.79049355012623	0.7466549566580151	0.9850319378782574
mp-brxae	0.927953133835566	0.7186059626749861	0.9928237585494296
mp-brxat	0.8479563982961571	0.6509357968579781	0.97871049013986
mp-brxox	0.8648425418208281	0.749475653282144	0.991373464938946
mp-brxrg	0.910275554573514	0.670744320616047	0.9876999854379942
mp-brxts	0.865200369836372	0.814745421110422	0.9950572313776664
mp-lkx	0.682113347945949	0.7931413566289021	0.9763994978522276
mp-brxzi	0.974712738820952	0.641532684020199	0.9893555923942844
mp-brxzw	0.988298631031912	0.588610775422659	0.983997300324892
mp-bryew	0.894756372238187	0.681450991041054	0.9875901181818656
mp-bryhm	0.9190498817666792	0.859581534558955	0.9980103450570936
mp-bryjo	0.6095825496213111	0.764839061967254	0.9535904295904256
mp-brylo	0.896995199323918	0.6061454510617641	0.9771099820939694
mp-bryql	0.868402753118871	0.5886307355625531	0.9691607853102224
mp-brywu	0.99367926950755	0.721369811579992	0.9956558844006704
mp-bryxz	0.970794077947515	0.635922661477456	0.9885191434123882
mp-bryzu	0.644515898472235	0.7665022569895731	0.9638048529863285
mp-bryzv	0.969366928826936	0.810989799891886	0.997927403334494
mp-brzby	0.96508073757047	0.5505686328717211	0.974508088936268
mp-brzei	0.6757574402790251	0.697241085972492	0.9555053674461202
mp-brzfa	0.898581307937328	0.8022714771269831	0.9958020148931008
mp-brzfb	0.9603205941314752	0.6366088027736221	0.9878397500346756
mp-brzfl	0.982553978483447	0.6214584484766671	0.9877798473830548
mp-brzgl	0.9753661965197352	0.6232199152278131	0.9874517095039318
mp-brzko	0.930371013501972	0.569727594268656	0.9741366711419032
mp-brzls	0.851697351405251	0.6983441184203351	0.985685503711274
mp-brzmm	0.993844170297568	0.5828338459086401	0.9836327226661664
mp-brznm	0.9541811295273652	0.544478172016311	0.9715925303523172
mp-brzpq	0.8950775061878451	0.719442613780582	0.9910314878217078
mp-brzra	0.996378670964722	0.639859018725854	0.990543667595901
mp-brzsx	0.734427517361938	0.629570245034335	0.9519172789952736
mp-brzua	0.719028690890123	0.644294778389202	0.9522770240005962
mp-bsaef	0.8528121352158601	0.682578485586069	0.983891982489744
mp-bsaep	0.8701677331788891	0.638439190174803	0.979428401410505
mp-bsajs	0.820724815784579	0.5744890159497741	0.9558433223911202
mp-bsbdh	0.8553997369364961	0.803122131486755	0.9940879728248992
mp-bsbpe	0.7376585624113431	0.669820105687939	0.9637990390900474
mp-bsbsd	0.841126804554698	0.6873693771971661	0.9832802589399338
mp-bsbss	0.9340560975741192	0.6413891987288151	0.986327537759174
mp-bsbtx	0.69616855830178	0.692908625625242	0.959756853896362
mp-bsbuh	0.9298370030587452	0.7924663426449691	0.9964462145760576
mp-bsbvh	0.89921269416153	0.638883963824696	0.9827626956367974
mp-bsbvx	0.9797062359270212	0.673408778256346	0.9923474619018176
mp-bsbwt	0.8641256858988421	0.531252620466652	0.9508390060741256
mp-bsbxy	0.884588268072746	0.700708173712128	0.9887107454164588
mp-bsced	0.931168488778652	0.6253752602306211	0.984010370147342
mp-bscel	0.7119416468825901	0.6990252046928801	0.9649333328667686
mp-bscfd	0.9931715769655012	0.5907510386957641	0.984730425668071
mp-bscit	0.8937903744076591	0.6241259155116491	0.9798893752474332
mp-bscjg	0.9986186177694932	0.595367247981424	0.9858127491313672
mp-bscpq	0.9835007438812172	0.6527422802878481	0.9909244763618444
mp-bsdox	0.9856917695163652	0.518102279211901	0.9692997929769812
mp-bsdrq	0.8122125244230071	0.641447353465285	0.9716928571048206
mp-bsdun	0.729324777242157	0.7236017008073571	0.9733196066215328
mp-bsdxz	0.6384896306108611	0.720290401353049	0.9508295496067296
mp-bsdyl	0.985063298245052	0.500581829208189	0.964024563977795
mp-bsdyo	0.970617489257203	0.6342830561963351	0.988332896546452
mp-bsdyp	0.887913106202259	0.5703914942735291	0.9678641497060622
mp-bsecs	0.7801749564140721	0.710027225147406	0.979035570554899
mp-bsenk	0.8931442160683091	0.5191146040219891	0.9528871860841616
mp-bsevd	0.9309031361273772	0.7553319896741041	0.994984812330174
mp-bsewu	0.991531765936507	0.6529908160443051	0.9913960169915372
mp-bsewy	0.734889870515074	0.6913855793134861	0.9680971216036196
mp-bseyi	0.917615983920083	0.7802004677820951	0.9955878506542336
mp-bsfnu	0.9381533400219312	0.5514474874421731	0.9709866528069788
mp-bsftx	0.937140516531316	0.5820468805643091	0.9775428061135748
mp-bsfuz	0.935863703269254	0.54054097096713	0.9678096326441684
mp-bsfyi	0.81384568064535	0.7910761299822501	0.9909914928389776
mp-bsgpd	0.830262994193604	0.694592959248273	0.9830418976940704
mp-bsgpo	0.8687565586790871	0.8163443515104961	0.9952667181964736
mp-bsgrr	0.8479563982961581	0.6662734361888341	0.9811141428979012
mp-bsgsx	0.7572197668907541	0.619545914320854	0.9547575203360612
mp-bsgxg	0.9950853331367352	0.655582930951329	0.9917946991332786
mp-bsgzv	0.983898550164432	0.7376453246808451	0.9960320427313444
mp-bshbe	0.9158801971034812	0.579833779096249	0.9743426327292284
mp-bshcn	0.953742212270558	0.5006492697992591	0.9585298224261816
mp-bshec	0.98172182540544	0.5285375185869391	0.9714858045062694
mp-bshjh	0.901096334941153	0.678585973197327	0.987796798507437
mp-bshln	0.906041763445903	0.609200572783395	0.9787919484851328
mp-bshqu	0.9870275120854052	0.6426805192347841	0.9902421781636992
mp-bshyd	0.8973132931483051	0.765311535073793	0.9940822745062634
mp-bshzx	0.8357309794091501	0.5679115711247621	0.95709454613937
mp-bsiad	0.953742212270558	0.69750004341642	0.992726858800434
mp-bsimp	0.957620586310458	0.51021483648993	0.962459736520128
mp-bsimv	0.957409374114055	0.6816248608479141	0.9917842468341131
mp-bsjaz	0.941882815044346	0.5491241243128191	0.9709604354675712
mp-bsjgz	0.908169625358592	0.696678893922396	0.990022937278678
mp-bsjrn	0.865200369836372	0.6635501279563181	0.982661409398398
mp-bsjzo	0.691341716182543	0.7455214182863901	0.9701518378411528
mp-bskac	0.753618783365094	0.672942510135577	0.9678334212647172
mp-bskcp	0.854293095112543	0.826250211151196	0.9951028805766104
mp-bskii	0.904200511808726	0.633030262919973	0.9824295599127524
mp-bskmr	0.9340560975741192	0.5989977899240391	0.980254643032774
mp-bskof	0.957197660312188	0.484380337032311	0.9531097155105004
mp-bskvm	0.998246429624752	0.5167284852177291	0.9707231412412384
mp-bskyb	0.863047408187795	0.7222009394287721	0.9890608453161758
mp-bskyk	0.665421910626108	0.7096013405650591	0.9559139670818344
mp-bslai	0.9298370030587452	0.6494085110723601	0.9869183031614406
mp-bsnue	0.8310485085252761	0.597888502871608	0.9648334435242588
mp-bsnuf	0.904200511808726	0.666723574016255	0.986770427363176
mp-lpb	0.9716692732944032	0.7706316706372921	0.9968763558041884
mp-buopx	0.9808706547746052	0.493471495328706	0.960963407069604
mp-buoxx	0.984808185247902	0.5393145897672651	0.9744972192008348
mp-mgd	0.6860079751934901	0.8359543128286401	0.9825317473316056
mp-mja	0.932225168190472	0.7439061048516391	0.9944783447623416
mp-mjf	0.817904416869872	0.7048110986330061	0.9829975474217092
mp-bvrlj	0.9814402132792932	0.5991624678058111	0.984902093545348
mp-mmx	0.963329950732086	0.825904109426088	0.9981413674051384
mp-bwihb	0.8701677331788891	0.571775036166919	0.9651321511446964
mp-bwiio	0.8698155474893041	0.76759478551531	0.992856881843837
mp-bwijr	0.882235765711545	0.61370977590803	0.9766044271478967
mp-bwikj	0.816690436313775	0.788051035114933	0.9909726990261574
mp-bwimx	0.8687565586790861	0.8898037861681071	0.9975867454918964
mp-bwiom	0.9343157572190952	0.7550675742499751	0.9951019923691616
mp-bwisq	0.914127992048802	0.570598826743668	0.972034329502122
mp-bwjae	0.91876402002107	0.6901888709163091	0.9901642482864752
mp-bwjzz	0.92849373314027	0.63620995459717	0.985208111926473
mp-bwkac	0.8995277307681091	0.65366768977177	0.9847945962801644
mp-bwkbh	0.8722723092096331	0.7032920848643931	0.9880016230144922
mp-bwuhe	0.830655932661826	0.728574099552951	0.987005295386555
mp-msf	0.921883173071227	0.717680343114774	0.9924479023544376
mp-msg	0.8911954052882941	0.882545129692721	0.9979278139460716
mp-bxaii	0.937900854189705	0.90164356406838	0.9990160257834136
mp-bxazy	0.876092468532055	0.6605269494289471	0.983393493441226
mp-bxcbd	0.964307701070508	0.619143842034934	0.9860982679972478
mp-bxcdy	0.9801468428384712	0.601303569364214	0.9850855124391112
mp-bxcqh	0.8754015911877251	0.6993949869995291	0.98786613072816
mp-bxcqi	0.8142531103936671	0.8054395460535131	0.9919770496206696
mp-bxcqm	0.9934278582034032	0.477428713584283	0.957455180492666
mp-bxdtg	0.6728128869100971	0.763566781117709	0.9697078366174078
mp-bxdth	0.867693930390507	0.691713398053022	0.9864049489026164
mp-bxflb	0.8687565586790861	0.7686705004059771	0.9928650270500582
mp-bxfzs	0.877469271020725	0.60661440528205	0.974557012123066
mp-cfhcb	0.906956382595308	0.68137886911634	0.9885279509317452
mp-cfzds	0.497382018084294	0.9476018186315672	0.956166731020016
mp-beumw	0.9625386034172292	0.510458854227525	0.9633860369916072
mp-bqyzb	0.7665858103685951	0.7021345903594061	0.9757755172157042
mp-bmgle	0.7797411290510821	0.9836593655094212	0.9974361124409696
mp-cjjbx	0.6384896306108581	0.840369261966676	0.9754743646633592
mp-decxg	0.7048023094450411	0.6613126688594021	0.9534505466709928
mp-bctnd	0.808517937570374	0.951718016927174	0.9974977099968246
mp-bfrij	0.943827345510814	0.80364621688505	0.9971778207194384
mp-bimxt	0.8142531103936681	0.581092107728575	0.9564735262242344
mp-bjql	0.8183083804041911	0.885031768914268	0.9959404258621908
mp-cflip	0.9808706547746052	0.8702654519324341	0.9991253364347652
mp-cfznv	0.5115181540938021	0.952853511070865	0.96204344707947
mp-lwg	0.772319517507513	0.911554395250564	0.9950219298944908
mp-cjlbw	0.698573945317391	0.800367919399345	0.9800230619343088
mp-bjih	0.8259168626504391	0.8225296857980351	0.9936220184605988
mp-boej	0.950387025302699	0.8193161365550501	0.9977405311606612
mp-bsvk	0.8101633789882781	0.843231304775488	0.9938581961111213
mp-nlk	0.964501724482212	0.945108890533162	0.9997067702747432
mp-uty	0.770120160238827	0.7206548708489381	0.9792323638286584
mp-ppr	0.8349542293830851	0.6941881399777321	0.98349919684079
mp-bfjtw	0.6500199531206381	0.774137183428471	0.9666892764164168
mp-dedha	0.5366190985638171	0.9255479811652192	0.964999093322574
mp-ffu	0.941145613217476	0.93247840221255	0.9994017519411124
mp-bgnbt	0.998020532705384	0.550797228125767	0.9785084012394292
mp-bolh	0.9865492554910632	0.731761821092735	0.9958734064409652
mp-cquwh	0.939158475701328	0.8853811909646251	0.9988066338774144
mp-beuhq	0.910275554573514	0.684294196358448	0.9890514759325054
mp-jsq	0.729789930310744	0.6988206005212051	0.9686400678003612
mp-btug	0.7081403961302001	0.7798882249806751	0.9787094679532228
mp-cgaec	0.7133632953029441	0.6718352583525931	0.958620622428206
mp-cgaed	0.7563212035869411	0.7802389645352601	0.9850139710475924
mp-cgaem	0.679672698002945	0.719018890653896	0.9619835252253872
mp-cgaen	0.8275023082284411	0.634707910879824	0.9727825674517506
mp-cgaer	0.931697775303385	0.598573334723154	0.9799194596783384
mp-cgafe	0.7951619746781471	0.7278491587247911	0.9833438863193864
mp-cgaft	0.949243893249544	0.7140996463470121	0.9935665838937232
mp-cgage	0.844556904193672	0.5641736837450051	0.9578222369032492
mp-cgagm	0.8031330179841051	0.80525768345738	0.9912400947219808
mp-cgalt	0.9487831901123992	0.639395970104894	0.9872777919319116
mp-cgamf	0.940404057461501	0.664811851535073	0.989311860382436
mp-cgamm	0.998202342822296	0.950672511067004	0.9999508734350396
mp-cgamy	0.729324777242157	0.757159007526445	0.978690340266288
mp-cgamz	0.8010468814325961	0.7870941053650651	0.989766457855886
mp-cgana	0.858698572981588	0.564861516045673	0.9609663026924125
mp-cganb	0.8472036155919791	0.5921355650648611	0.9663498397294928
mp-cgaoj	0.93890791348056	0.5774071737641641	0.976851386347484
mp-cgape	0.95263621564455	0.6878723408039821	0.9919917149575104
mp-cgasn	0.9120630943110072	0.6476497146013841	0.985186708492536
mp-cgaxq	0.7213791155194501	0.7546647928190321	0.9771006713449698
mp-cgaxs	0.8818980143173211	0.6984258520358191	0.9882854391147512
mp-cgbcf	0.8227288438619751	0.70262689567953	0.9832519982290684
mp-cgbdc	0.7749488861124201	0.814630851114012	0.9898454920877916
mp-cgbdt	0.9221639627510072	0.6541238188077221	0.9868323127454406
mp-cgbuh	0.903273897493366	0.703296210976817	0.9902605254510872
mp-cgbuw	0.6742860236609071	0.756062180955653	0.9686010328718592
mp-cgbva	0.752263811907508	0.654496981989893	0.9632400322264772
mp-cgbvl	0.9601159236829352	0.7860823842604561	0.9970647876992306
mp-cgbvq	0.83222405618391	0.7989154514157111	0.992652471742733
mp-cgbwa	0.945026867604526	0.716578087146265	0.9935219748946986
mp-cgbwb	0.782339475033038	0.7741737459565181	0.9870502044169476
mp-cgbwc	0.704324537368173	0.812839248095878	0.982356998992788
mp-cgbxb	0.718086836085292	0.7750845247393401	0.9795360111356274
mp-cgbxy	0.79049355012623	0.7351953118990191	0.983711586428894
mp-cgbyh	0.854293095112543	0.764262949726985	0.9917536602463032
mp-cgcbl	0.8403604344794581	0.8302509236452551	0.9946847442719804
mp-cgpbs	0.7486384190149721	0.830428806027073	0.9888787682275326
mp-cgphd	0.6334509946601891	0.793355154044833	0.9665192235953908
mp-cgpoj	0.7000145686186301	0.81547066887631	0.9820849947433676
mp-chfyn	0.902343303027445	0.527452156273978	0.9577925331689068
mp-chgwy	0.729324777242157	0.702220493735462	0.9692472225048544
mp-chgzf	0.990238811686472	0.5240968899111971	0.9715320355744046
mp-chhej	0.983367081156648	0.7245505264831461	0.9954568254288126
mp-chhlh	0.896676670145617	0.7287590787839091	0.991814907319501
mp-chhzt	0.934833647383382	0.707214917056123	0.9924195581898042
mp-chicp	0.8353427882683591	0.693177637931482	0.9834111918588404
mp-chign	0.8747090671483551	0.7463174338252061	0.991753366138998
mp-chjys	0.8376664040605121	0.6533737376554021	0.977767988268519
mp-chkpw	0.734427517361939	0.7055502153231831	0.9708886273641532
mp-chlsw	0.978203377338643	0.641123493811341	0.9895429476162096
mp-chnqs	0.843797294067483	0.662356549009222	0.9800208442734656
mp-chowj	0.7616955803765231	0.7163688118078131	0.977365492784359
mp-chpoa	0.956559511598267	0.5717059759057791	0.9778659555080668
mp-chqan	0.8849226557877641	0.585139906350864	0.9709921572536756
mp-chrre	0.821928291292626	0.6408835799493751	0.973152925912005
mp-pyi	0.9725315375899032	0.711572238778389	0.9944169969383724
mp-cjgjm	0.588542370159796	0.8881755071973261	0.972266426932581
mp-cagd	0.704324537368175	0.775153114892084	0.9774346445583256
mp-bhlk	0.6440145680073841	0.8327658027552971	0.975407028814838
mp-bpqxl	0.995722430686905	0.67592176409852	0.9932850071594364
mp-bnqrw	0.8407438063507601	0.8322056960454881	0.9947881144672746
mp-wkj	0.578217232520114	0.802705337749657	0.9528103811370954
mp-bfywu	0.729789930310743	0.6697420637032531	0.9620151598044896
mp-bqvdl	0.959705069290276	0.7032978685005731	0.9933876297485914
mp-cljlm	0.8134379067267631	0.7565427494086591	0.9881912937869044
mp-bgqr	0.590602881813568	0.8413874179268871	0.9648720894037796
mp-bnuke	0.6500199531206381	0.8028920667855171	0.9719121482656728
mp-bqfh	0.96093157579425	0.8607019638120971	0.9987369447113538
mp-clgde	0.812621328167852	0.821969836937764	0.9928686101968162
mp-ckvlw	0.831440721353447	0.7518867763313971	0.989238015346272
mp-clhji	0.767913397489498	0.789874461615778	0.987158713709994
mp-ckwjs	0.917903680684134	0.7779860401955481	0.9955061780957216
mp-bfnsj	0.95698544513703	0.722289491124474	0.994364193138567
mp-cqqgx	0.945265308993357	0.710276279081116	0.9931452711682156
mp-clipn	0.8456934844776021	0.8967947199649701	0.9971680959861994
